@001	¤
@029	¤
@150	¤
@419	¤
@AD	€
@AE	د.إ.‏
@AF	؋
@AG	EC$
@AI	EC$
@AL	Lek
@AM	֏
@AO	Kz
@AR	$
@AS	$
@AT	€
@AU	$
@AW	ƒ
@AX	€
@AZ	₼
@BA	KM
@BB	$
@BD	৳
@BE	€
@BF	CFA
@BG	лв.
@BH	د.ب.‏
@BI	FBu
@BJ	CFA
@BL	€
@BM	$
@BN	$
@BO	Bs.
@BQ	$
@BR	R$
@BS	$
@BT	Nu.
@BW	P
@BY	Br
@BZ	BZ$
@CA	$
@CC	$
@CD	FC
@CF	FCFA
@CG	FCFA
@CH	CHF
@CI	CFA
@CK	$
@CL	$
@CM	FCFA
@CN	¥
@CO	$
@CR	₡
@CS	¤
@CU	$
@CV	$
@CW	NAƒ
@CX	$
@CY	€
@CZ	Kč
@DE	€
@DG	¤
@DJ	Fdj
@DK	kr.
@DM	EC$
@DO	RD$
@DZ	DA
@EA	¤
@EC	$
@EE	€
@EG	ج.م.‏
@EH	¤
@ER	ERN
@ES	€
@ET	Br
@FI	€
@FJ	$
@FK	£
@FM	$
@FO	kr.
@FR	€
@GA	FCFA
@GB	£
@GD	EC$
@GE	₾
@GF	€
@GG	£
@GH	GH₵
@GI	£
@GL	kr.
@GM	D
@GN	FG
@GP	€
@GQ	FCFA
@GR	€
@GT	Q
@GU	$
@GW	CFA
@GY	$
@HK	$
@HN	L.
@HR	kn
@HT	G
@HU	Ft
@IC	¤
@ID	Rp
@IE	€
@IL	₪
@IM	£
@IN	₹
@IO	$
@IQ	د.ع.‏
@IR	ريال
@IS	kr.
@IT	€
@IV	¤
@JE	£
@JM	J$
@JO	د.ا.‏
@JP	¥
@KE	KSh
@KG	сом
@KH	៛
@KI	$
@KM	CF
@KN	EC$
@KP	₩
@KR	₩
@KW	د.ك.‏
@KY	$
@KZ	₸
@LA	₭
@LB	ل.ل.‏
@LC	EC$
@LI	CHF
@LK	Rs
@LR	$
@LS	L
@LT	€
@LU	€
@LV	Ls
@LY	د.ل.‏
@MA	DH
@MC	€
@MD	L
@ME	€
@MF	€
@MG	Ar
@MH	$
@MK	ден.
@ML	CFA
@MM	K
@MN	₮
@MO	MOP
@MP	$
@MQ	€
@MR	UM
@MS	EC$
@MT	€
@MU	₨
@MV	ރ.
@MW	MK
@MX	$
@MY	RM
@MZ	MT
@NA	$
@NC	F
@NE	CFA
@NF	$
@NG	₦
@NI	C$
@NL	€
@NO	kr
@NP	रु
@NR	$
@NU	$
@NZ	$
@OM	ر.ع.‏
@PA	B/.
@PE	S/
@PF	F
@PG	K
@PH	₱
@PK	Rs
@PL	zł
@PM	€
@PN	$
@PR	$
@PS	₪
@PT	€
@PW	$
@PY	₲
@QA	ر.ق.‏
@QQ	¤
@RE	€
@RO	lei
@RS	din.
@RU	₽
@RW	RWF
@SA	ر.س.‏
@SB	$
@SC	₨
@SD	£
@SE	kr
@SG	$
@SH	£
@SI	€
@SJ	kr
@SK	€
@SL	Le
@SM	€
@SN	CFA
@SO	S
@SR	$
@SS	£
@ST	STN
@SV	$
@SX	NAƒ
@SY	ل.س.‏
@SZ	L
@TC	$
@TD	FCFA
@TG	CFA
@TH	฿
@TJ	смн
@TK	$
@TL	$
@TM	m.
@TN	د.ت.‏
@TO	T$
@TR	₺
@TT	TT$
@TV	$
@TW	NT$
@TZ	Sh
@UA	₴
@UG	Sh
@UM	$
@US	$
@UY	$U
@UZ	so'm
@VA	€
@VC	EC$
@VE	Bs.F.
@VG	$
@VI	$
@VN	₫
@VU	VT
@WF	F
@WS	$
@XK	€
@XX	¤
@YE	ر.ي.‏
@YT	€
@ZA	R
@ZM	K
@ZW	Z$
af	,	 	3	2	1	-	+	R	,	 	3	2	0	1	%	,	 	3	2	1	1	‰	gregorian	yyyy-MM-dd	dddd dd MMMM yyyy	HH':'mm	HH':'mm':'ss	dddd dd MMMM yyyy HH':'mm':'ss	d MMMM	MMMM yyyy	vm.	nm.	-	:	n.C.	Sondag|Maandag|Dinsdag|Woensdag|Donderdag|Vrydag|Saterdag	So.|Ma.|Di.|Wo.|Do.|Vr.|Sa.	Januarie|Februarie|Maart|April|Mei|Junie|Julie|Augustus|September|Oktober|November|Desember	Jan.|Feb.|Mrt.|Apr.|Mei|Jun.|Jul.|Aug.|Sep.|Okt.|Nov.|Des.	Januarie|Februarie|Maart|April|Mei|Junie|Julie|Augustus|September|Oktober|November|Desember	Jan.|Feb.|Mrt.|Apr.|Mei|Jun.|Jul.|Aug.|Sep.|Okt.|Nov.|Des.			
agq	<af	7=FCFA	11=0	12=1	13=5	23=d'/'M'/'yyyy	24=dddd d MMMM yyyy	27=dddd d MMMM yyyy HH':'mm':'ss	28=MMMM d	29=yyyy MMMM	30=a.g	31=a.k	32=/	34=BK	35=tsuʔntsɨ|tsuʔukpà|tsuʔughɔe|tsuʔutɔ̀mlò|tsuʔumè|tsuʔughɨ̂m|tsuʔndzɨkɔʔɔ	36=nts|kpa|ghɔ|tɔm|ume|ghɨ|dzk	37=ndzɔ̀ŋɔ̀nùm|ndzɔ̀ŋɔ̀kƗ̀zùʔ|ndzɔ̀ŋɔ̀tƗ̀dʉ̀ghà|ndzɔ̀ŋɔ̀tǎafʉ̄ghā|ndzɔ̀ŋèsèe|ndzɔ̀ŋɔ̀nzùghò|ndzɔ̀ŋɔ̀dùmlo|ndzɔ̀ŋɔ̀kwîfɔ̀e|ndzɔ̀ŋɔ̀tƗ̀fʉ̀ghàdzughù|ndzɔ̀ŋɔ̀ghǔuwelɔ̀m|ndzɔ̀ŋɔ̀chwaʔàkaa wo|ndzɔ̀ŋèfwòo	38=nùm|kɨz|tɨd|taa|see|nzu|dum|fɔe|dzu|lɔm|kaa|fwo	39=ndzɔ̀ŋɔ̀nùm|ndzɔ̀ŋɔ̀kƗ̀zùʔ|ndzɔ̀ŋɔ̀tƗ̀dʉ̀ghà|ndzɔ̀ŋɔ̀tǎafʉ̄ghā|ndzɔ̀ŋèsèe|ndzɔ̀ŋɔ̀nzùghò|ndzɔ̀ŋɔ̀dùmlo|ndzɔ̀ŋɔ̀kwîfɔ̀e|ndzɔ̀ŋɔ̀tƗ̀fʉ̀ghàdzughù|ndzɔ̀ŋɔ̀ghǔuwelɔ̀m|ndzɔ̀ŋɔ̀chwaʔàkaa wo|ndzɔ̀ŋèfwòo	40=nùm|kɨz|tɨd|taa|see|nzu|dum|fɔe|dzu|lɔm|kaa|fwo
ak	.	,	3	2	1	-	+	GH₵	.	,	3	2	0	1	%	.	,	3	2	1	1	‰	gregorian	yyyy'/'MM'/'dd	dddd, yyyy MMMM dd	h':'mm tt	h':'mm':'ss tt	dddd, yyyy MMMM dd h':'mm':'ss tt	MMMM d	MMMM yyyy	AN	EW	/	:	KE	Kwesida|Dwowda|Benada|Wukuda|Yawda|Fida|Memeneda	Kwe|Dwo|Ben|Wuk|Yaw|Fia|Mem	Sanda-Ɔpɛpɔn|Kwakwar-Ɔgyefuo|Ebɔw-Ɔbenem|Ebɔbira-Oforisuo|Esusow Aketseaba-Kɔtɔnimba|Obirade-Ayɛwohomumu|Ayɛwoho-Kitawonsa|Difuu-Ɔsandaa|Fankwa-Ɛbɔ|Ɔbɛsɛ-Ahinime|Ɔberɛfɛw-Obubuo|Mumu-Ɔpɛnimba	S-Ɔ|K-Ɔ|E-Ɔ|E-O|E-K|O-A|A-K|D-Ɔ|F-Ɛ|Ɔ-A|Ɔ-O|M-Ɔ	Sanda-Ɔpɛpɔn|Kwakwar-Ɔgyefuo|Ebɔw-Ɔbenem|Ebɔbira-Oforisuo|Esusow Aketseaba-Kɔtɔnimba|Obirade-Ayɛwohomumu|Ayɛwoho-Kitawonsa|Difuu-Ɔsandaa|Fankwa-Ɛbɔ|Ɔbɛsɛ-Ahinime|Ɔberɛfɛw-Obubuo|Mumu-Ɔpɛnimba	S-Ɔ|K-Ɔ|E-Ɔ|E-O|E-K|O-A|A-K|D-Ɔ|F-Ɛ|Ɔ-A|Ɔ-O|M-Ɔ			
am	<ak	7=ብር	23=dd'/'MM'/'yyyy	24=yyyy MMMM d, dddd	27=yyyy MMMM d, dddd h':'mm':'ss tt	30=ጥዋት	31=ከሰዓት	34=ዓ/ም	35=እሑድ|ሰኞ|ማክሰኞ|ረቡዕ|ሐሙስ|ዓርብ|ቅዳሜ	36=እሑድ|ሰኞ|ማክሰ|ረቡዕ|ሐሙስ|ዓርብ|ቅዳሜ	37=ጃንዩወሪ|ፌብሩወሪ|ማርች|ኤፕሪል|ሜይ|ጁን|ጁላይ|ኦገስት|ሴፕቴምበር|ኦክቶበር|ኖቬምበር|ዲሴምበር	38=ጃንዩ|ፌብሩ|ማርች|ኤፕሪ|ሜይ|ጁን|ጁላይ|ኦገስ|ሴፕቴ|ኦክቶ|ኖቬም|ዲሴም	39=ጃንዩወሪ|ፌብሩወሪ|ማርች|ኤፕሪል|ሜይ|ጁን|ጁላይ|ኦገስት|ሴፕቴምበር|ኦክቶበር|ኖቬምበር|ዲሴምበር	40=ጃንዩ|ፌብሩ|ማርች|ኤፕሪ|ሜይ|ጁን|ጁላይ|ኦገስ|ሴፕቴ|ኦክቶ|ኖቬም|ዲሴም
ar	.	,	3	2	1	-	+	ر.س.‏	.	,	3	2	3	8	%	.	,	3	2	0	0	‰	umalqura	dd'/'MM'/'yy	dd'/'MMMM'/'yyyy	hh':'mm tt	hh':'mm':'ss tt	dd'/'MMMM'/'yyyy hh':'mm':'ss tt	dd MMMM	MMMM, yyyy	ص	م	/	:	بعد الهجرة	الأحد|الإثنين|الثلاثاء|الأربعاء|الخميس|الجمعة|السبت	الأحد|الإثنين|الثلاثاء|الأربعاء|الخميس|الجمعة|السبت	محرم|صفر|ربيع الأول|ربيع الثاني|جمادى الأولى|جمادى الثانية|رجب|شعبان|رمضان|شوال|ذو القعدة|ذو الحجة	محرم|صفر|ربيع الأول|ربيع الثاني|جمادى الأولى|جمادى الثانية|رجب|شعبان|رمضان|شوال|ذو القعدة|ذو الحجة	محرم|صفر|ربيع الأول|ربيع الثاني|جمادى الأولى|جمادى الثانية|رجب|شعبان|رمضان|شوال|ذو القعدة|ذو الحجة	محرم|صفر|ربيع الأول|ربيع الثاني|جمادى الأولى|جمادى الثانية|رجب|شعبان|رمضان|شوال|ذو القعدة|ذو الحجة	dd MMMM, yyyy hh':'mm':'ss tt	يناير|فبراير|مارس|أبريل|مايو|يونيو|يوليو|أغسطس|سبتمبر|أكتوبر|نوفمبر|ديسمبر	
as	.	,	3;2	2	1	-	+	₹	.	,	3;2	2	2	12	%	.	,	3;2	2	1	1	‰	gregorian	dd-MM-yyyy	yyyy,MMMM dd, dddd	tt h':'mm	tt h':'mm':'ss	yyyy,MMMM dd, dddd tt h':'mm':'ss	d MMMM	MMMM,yy	ৰাতিপু	আবেলি	-	:	খ্রীষ্টাব্দ	ৰবিবাৰ|সোমবাৰ|মঙ্গলবাৰ|বুধবাৰ|বৃহস্পতিবাৰ|শুক্রবাৰ|শনিবাৰ	ৰবি.|সোম.|মঙ্গল.|বুধ.|বৃহ.|শুক্র.|শনি.	জানুৱাৰী|ফেব্রুৱাৰী|মার্চ|এপ্রিল|মে|জুন|জুলাই|আগষ্ট|চেপ্টেম্বৰ|অক্টোবৰ|নবেম্বৰ|ডিচেম্বৰ	জানু|ফেব্রু|মার্চ|এপ্রিল|মে|জুন|জুলাই|আগষ্ট|চেপ্টে|অক্টো|নবে|ডিচে	জানুৱাৰী|ফেব্রুৱাৰী|মার্চ|এপ্রিল|মে|জুন|জুলাই|আগষ্ট|চেপ্টেম্বৰ|অক্টোবৰ|নবেম্বৰ|ডিচেম্বৰ	জানু|ফেব্রু|মার্চ|এপ্রিল|মে|জুন|জুলাই|আগষ্ট|চেপ্টে|অক্টো|নবে|ডিচে			
asa	<am	7=TSh	12=3	13=8	24=dddd, d MMMM yyyy	25=HH':'mm	26=HH':'mm':'ss	27=dddd, d MMMM yyyy HH':'mm':'ss	30=icheheavo	31=ichamthi	34=BM	35=Jumapili|Jumatatu|Jumanne|Jumatano|Alhamisi|Ijumaa|Jumamosi	36=Jpi|Jtt|Jnn|Jtn|Alh|Ijm|Jmo	37=Januari|Februari|Machi|Aprili|Mei|Juni|Julai|Agosti|Septemba|Oktoba|Novemba|Desemba	38=Jan|Feb|Mac|Apr|Mei|Jun|Jul|Ago|Sep|Okt|Nov|Dec	39=Januari|Februari|Machi|Aprili|Mei|Juni|Julai|Agosti|Septemba|Oktoba|Novemba|Desemba	40=Jan|Feb|Mac|Apr|Mei|Jun|Jul|Ago|Sep|Okt|Nov|Dec
ast	<af	1=.	7=€	9=.	12=3	13=8	16=.	23=d'/'M'/'yyyy	24=dddd, d MMMM 'de' yyyy	27=dddd, d MMMM 'de' yyyy HH':'mm':'ss	29=MMMM 'de' yyyy	30=AM	31=PM	32=/	34=d.C.	35=domingu|llunes|martes|miércoles|xueves|vienres|sábadu	36=dom|llu|mar|mié|xue|vie|sáb	37=xineru|febreru|marzu|abril|mayu|xunu|xunetu|agostu|setiembre|ochobre|payares|avientu	38=Xin|Feb|Mar|Abr|May|Xun|Xnt|Ago|Set|Och|Pay|Avi	39=de xineru|de febreru|de marzu|d’abril|de mayu|de xunu|de xunetu|d’agostu|de setiembre|d’ochobre|de payares|d’avientu	40=Xin|Feb|Mar|Abr|May|Xun|Xnt|Ago|Set|Och|Pay|Avi
az	<ast	7=₼	23=dd.MM.yyyy	24=d MMMM yyyy, dddd	27=d MMMM yyyy, dddd HH':'mm':'ss	29=MMMM yyyy	32=.	34=y.e.	35=bazar|bazar ertəsi|çərşənbə axşamı|çərşənbə|cümə axşamı|cümə|şənbə	36=B.|B.E.|Ç.A.|Ç.|C.A.|C.|Ş.	37=Yanvar|Fevral|Mart|Aprel|May|İyun|İyul|Avqust|Sentyabr|Oktyabr|Noyabr|Dekabr	38=yan|fev|mar|apr|may|iyn|iyl|avq|sen|okt|noy|dek	39=yanvar|fevral|mart|aprel|may|iyun|iyul|avqust|sentyabr|oktyabr|noyabr|dekabr	40=yan|fev|mar|apr|may|iyn|iyl|avq|sen|okt|noy|dek
bas	<agq	12=3	13=8	19=0	20=0	30=I bikɛ̂glà	31=I ɓugajɔp	34=m.Y.K	35=ŋgwà nɔ̂y|ŋgwà njaŋgumba|ŋgwà ûm|ŋgwà ŋgê|ŋgwà mbɔk|ŋgwà kɔɔ|ŋgwà jôn	36=nɔy|nja|uum|ŋge|mbɔ|kɔɔ|jon	37=Kɔndɔŋ|Màcɛ̂l|Màtùmb|Màtop|M̀puyɛ|Hìlòndɛ̀|Njèbà|Hìkaŋ|Dìpɔ̀s|Bìòôm|Màyɛsèp|Lìbuy li ńyèe	38=kɔn|mac|mat|mto|mpu|hil|nje|hik|dip|bio|may|liɓ	39=Kɔndɔŋ|Màcɛ̂l|Màtùmb|Màtop|M̀puyɛ|Hìlòndɛ̀|Njèbà|Hìkaŋ|Dìpɔ̀s|Bìòôm|Màyɛsèp|Lìbuy li ńyèe	40=kɔn|mac|mat|mto|mpu|hil|nje|hik|dip|bio|may|liɓ
be	<bas	7=Br	11=2	23=dd.MM.yy	24=d MMMM yyyy	27=d MMMM yyyy HH':'mm':'ss	28=d MMMM	29=MMMM yyyy 'г'.	30=	31=	32=.	34=н.э.	35=нядзеля|панядзелак|аўторак|серада|чацвер|пятніца|субота	36=нд|пн|аўт|ср|чц|пт|сб	37=студзень|люты|сакавік|красавік|май|чэрвень|ліпень|жнівень|верасень|кастрычнік|лістапад|снежань	38=студз|лют|сак|крас|май|чэрв|ліп|жн|вер|кастр|ліст|снеж	39=студзеня|лютага|сакавіка|красавіка|мая|чэрвеня|ліпеня|жніўня|верасня|кастрычніка|лістапада|снежня	40=студз|лют|сак|крас|май|чэрв|ліп|жн|вер|кастр|ліст|снеж
bem	<am	7=K	24=dddd, d MMMM yyyy	27=dddd, d MMMM yyyy h':'mm':'ss tt	30=uluchelo	31=akasuba	34=AD	35=Pa Mulungu|Palichimo|Palichibuli|Palichitatu|Palichine|Palichisano|Pachibelushi	36=Pa Mulungu|Palichimo|Palichibuli|Palichitatu|Palichine|Palichisano|Pachibelushi	37=Januari|Februari|Machi|Epreo|Mei|Juni|Julai|Ogasti|Septemba|Oktoba|Novemba|Disemba	38=Jan|Feb|Mac|Epr|Mei|Jun|Jul|Oga|Sep|Okt|Nov|Dis	39=Januari|Februari|Machi|Epreo|Mei|Juni|Julai|Ogasti|Septemba|Oktoba|Novemba|Disemba	40=Jan|Feb|Mac|Epr|Mei|Jun|Jul|Oga|Sep|Okt|Nov|Dis
bez	<asa	12=1	13=5	30=pamilau	31=pamunyi	35=pa mulungu|pa shahuviluha|pa hivili|pa hidatu|pa hitayi|pa hihanu|pa shahulembela	36=Mul|Vil|Hiv|Hid|Hit|Hih|Lem	37=pa mwedzi gwa hutala|pa mwedzi gwa wuvili|pa mwedzi gwa wudatu|pa mwedzi gwa wutai|pa mwedzi gwa wuhanu|pa mwedzi gwa sita|pa mwedzi gwa saba|pa mwedzi gwa nane|pa mwedzi gwa tisa|pa mwedzi gwa kumi|pa mwedzi gwa kumi na moja|pa mwedzi gwa kumi na mbili	38=Hut|Vil|Dat|Tai|Han|Sit|Sab|Nan|Tis|Kum|Kmj|Kmb	39=pa mwedzi gwa hutala|pa mwedzi gwa wuvili|pa mwedzi gwa wudatu|pa mwedzi gwa wutai|pa mwedzi gwa wuhanu|pa mwedzi gwa sita|pa mwedzi gwa saba|pa mwedzi gwa nane|pa mwedzi gwa tisa|pa mwedzi gwa kumi|pa mwedzi gwa kumi na moja|pa mwedzi gwa kumi na mbili	40=Hut|Vil|Dat|Tai|Han|Sit|Sab|Nan|Tis|Kum|Kmj|Kmb
bg	<be	7=лв.	19=1	20=1	23=d.M.yyyy 'г'.	24=dd MMMM yyyy 'г'.	25=H':'mm	26=H':'mm':'ss	27=dd MMMM yyyy 'г'. H':'mm':'ss	34=след новата ера	35=неделя|понеделник|вторник|сряда|четвъртък|петък|събота	36=нед|пон|вт|ср|четв|пет|съб	37=януари|февруари|март|април|май|юни|юли|август|септември|октомври|ноември|декември	38=яну|фев|мар|апр|май|юни|юли|авг|сеп|окт|ное|дек	39=януари|февруари|март|април|май|юни|юли|август|септември|октомври|ноември|декември	40=яну|фев|мар|апр|май|юни|юли|авг|сеп|окт|ное|дек
bgc	<asa	7=¤	12=0	13=0	19=0	20=0	23=MM'/'dd'/'yyyy	24=dddd, dd MMMM yyyy	27=dddd, dd MMMM yyyy HH':'mm':'ss	28=MMMM dd	29=yyyy MMMM	30=AM	31=PM	34=A.D.	35=Sunday|Monday|Tuesday|Wednesday|Thursday|Friday|Saturday	36=Sun|Mon|Tue|Wed|Thu|Fri|Sat	37=January|February|March|April|May|June|July|August|September|October|November|December	38=Jan|Feb|Mar|Apr|May|Jun|Jul|Aug|Sep|Oct|Nov|Dec	39=January|February|March|April|May|June|July|August|September|October|November|December	40=Jan|Feb|Mar|Apr|May|Jun|Jul|Aug|Sep|Oct|Nov|Dec
bho	<bgc
blo	<bgc
bm	<ak	7=CFA	11=0	23=d'/'M'/'yyyy	24=dddd d MMMM yyyy	25=HH':'mm	26=HH':'mm':'ss	27=dddd d MMMM yyyy HH':'mm':'ss	28=d MMMM	30=AM	31=PM	34=ni J.-C.	35=kari|ntɛnɛ|tarata|araba|alamisa|juma|sibiri	36=kar|ntɛ|tar|ara|ala|jum|sib	37=zanwuye|feburuye|marisi|awirili|mɛ|zuwɛn|zuluye|uti|sɛtanburu|ɔkutɔburu|nowanburu|desanburu	38=zan|feb|mar|awi|mɛ|zuw|zul|uti|sɛt|ɔku|now|des	39=zanwuye|feburuye|marisi|awirili|mɛ|zuwɛn|zuluye|uti|sɛtanburu|ɔkutɔburu|nowanburu|desanburu	40=zan|feb|mar|awi|mɛ|zuw|zul|uti|sɛt|ɔku|now|des
bn	<bm	2=3;2	7=৳	10=3;2	11=2	12=1	13=5	17=3;2	24=dddd, d MMMM, yyyy	25=h':'mm tt	26=h':'mm':'ss tt	27=dddd, d MMMM, yyyy h':'mm':'ss tt	34=খৃষ্টাব্দ	35=রবিবার|সোমবার|মঙ্গলবার|বুধবার|বৃহস্পতিবার|শুক্রবার|শনিবার	36=রবি|সোম|মঙ্গল|বুধ|বৃহস্পতি|শুক্র|শনি	37=জানুয়ারী|ফেব্রুয়ারী|মার্চ|এপ্রিল|মে|জুন|জুলাই|আগস্ট|সেপ্টেম্বর|অক্টোবর|নভেম্বর|ডিসেম্বর	38=জানুয়ারী|ফেব্রুয়ারী|মার্চ|এপ্রিল|মে|জুন|জুলাই|আগস্ট|সেপ্টেম্বর|অক্টোবর|নভেম্বর|ডিসেম্বর	39=জানুয়ারী|ফেব্রুয়ারী|মার্চ|এপ্রিল|মে|জুন|জুলাই|আগস্ট|সেপ্টেম্বর|অক্টোবর|নভেম্বর|ডিসেম্বর	40=জানুয়ারী|ফেব্রুয়ারী|মার্চ|এপ্রিল|মে|জুন|জুলাই|আগস্ট|সেপ্টেম্বর|অক্টোবর|নভেম্বর|ডিসেম্বর
bo	<asa	7=¥	10=3;0	12=0	13=2	23=yyyy'/'M'/'d	24=yyyy'ལ'ོ'འ'ི་'ཟ'ླ M'ཚ'ེ'ས' d	27=yyyy'ལ'ོ'འ'ི་'ཟ'ླ M'ཚ'ེ'ས' d HH':'mm':'ss	28='ཟ'ླ་M'ཚ'ེ'ས'་d	29=yyyy'ལ'ོ'འ'ི་'ཟ'ླ་ M	30=སྔ་དྲོ	31=ཕྱི་དྲོ	34=སྤྱི་ལོ	35=གཟའ་ཉི་མ།|གཟའ་ཟླ་བ།|གཟའ་མིག་དམར།|གཟའ་ལྷག་པ།|གཟའ་ཕུར་བུ།|གཟའ་པ་སངས།|གཟའ་སྤེན་པ།	36=ཉི་མ།|ཟླ་བ།|མིག་དམར།|ལྷག་པ།|ཕུར་བུ།|པ་སངས།|སྤེན་པ།	37=སྤྱི་ཟླ་དང་པོ།|སྤྱི་ཟླ་གཉིས་པ།|སྤྱི་ཟླ་གསུམ་པ།|སྤྱི་ཟླ་བཞི་པ།|སྤྱི་ཟླ་ལྔ་པ།|སྤྱི་ཟླ་དྲུག་པ།|སྤྱི་ཟླ་བདུན་པ།|སྤྱི་ཟླ་བརྒྱད་པ།|སྤྱི་ཟླ་དགུ་པ།|སྤྱི་ཟླ་བཅུ་པ།|སྤྱི་ཟླ་བཅུ་གཅིག་པ།|སྤྱི་ཟླ་བཅུ་གཉིས་པ།	38=ཟླ་ ༡|ཟླ་ ༢|ཟླ་ ༣|ཟླ་ ༤|ཟླ་ ༥|ཟླ་ ༦|ཟླ་ ༧|ཟླ་ ༨|ཟླ་ ༩|ཟླ་ ༡༠|ཟླ་ ༡༡|ཟླ་ ༡༢	39=སྤྱི་ཟླ་དང་པོའི་|སྤྱི་ཟླ་གཉིས་པའི་|སྤྱི་ཟླ་གསུམ་པའི་|སྤྱི་ཟླ་བཞི་པའི་|སྤྱི་ཟླ་ལྔ་པའི་|སྤྱི་ཟླ་དྲུག་པའི་|སྤྱི་ཟླ་བདུན་པའི་|སྤྱི་ཟླ་བརྒྱད་པའི་|སྤྱི་ཟླ་དགུ་པའི་|སྤྱི་ཟླ་བཅུ་པའི་|སྤྱི་ཟླ་བཅུ་གཅིག་པའི་|སྤྱི་ཟླ་བཅུ་གཉིས་པའི་	40=ཟླ་ ༡|ཟླ་ ༢|ཟླ་ ༣|ཟླ་ ༤|ཟླ་ ༥|ཟླ་ ༦|ཟླ་ ༧|ཟླ་ ༨|ཟླ་ ༩|ཟླ་ ༡༠|ཟླ་ ༡༡|ཟླ་ ༡༢
br	<bas	7=€	11=2	23=dd'/'MM'/'yyyy	28=d MMMM	29=MMMM yyyy	30=A.M.	31=G.M.	34=goude J.K.	35=Sul|Lun|Meurzh|Mercʼher|Yaou|Gwener|Sadorn	36=Sul|Lun|Meu.|Mer.|Yaou|Gwe.|Sad.	37=Genver|Cʼhwevrer|Meurzh|Ebrel|Mae|Mezheven|Gouere|Eost|Gwengolo|Here|Du|Kerzu	38=Gen.|Cʼhwe.|Meur.|Ebr.|Mae|Mezh.|Goue.|Eost|Gwen.|Here|Du|Kzu.	39=Genver|Cʼhwevrer|Meurzh|Ebrel|Mae|Mezheven|Gouere|Eost|Gwengolo|Here|Du|Kerzu	40=Gen.|Cʼhwe.|Meur.|Ebr.|Mae|Mezh.|Goue.|Eost|Gwen.|Here|Du|Kzu.
brx	<bn	7=₹	12=2	13=9	23=M'/'d'/'yyyy	24=dddd, MMMM d, yyyy	27=dddd, MMMM d, yyyy h':'mm':'ss tt	28=MMMM d	30=फुं	31=बेलासे	34=सन	35=रबिबार|समबार|मंगलबार|बुदबार|बिसथिबार|सुखुरबार|सुनिबार	36=रबि|सम|मंगल|बुद|बिसथि|सुखुर|सुनि	37=जानुवारी|फेब्रुवारी|मार्स|एफ्रिल|मे|जुन|जुलाइ|आगस्थ|सेबथेज्ब़र|अखथबर|नबेज्ब़र|दिसेज्ब़र	38=जानुवारी|फेब्रुवारी|मार्स|एफ्रिल|मे|जुन|जुलाइ|आगस्थ|सेबथेज्ब़र|अखथबर|नबेज्ब़र|दिसेज्ब़र	39=जानुवारी|फेब्रुवारी|मार्स|एफ्रिल|मे|जुन|जुलाइ|आगस्थ|सेबथेज्ब़र|अखथबर|नबेज्ब़र|दिसेज्ब़र	40=जानुवारी|फेब्रुवारी|मार्स|एफ्रिल|मे|जुन|जुलाइ|आगस्थ|सेबथेज्ब़र|अखथबर|नबेज्ब़र|दिसेज्ब़र
bs	<ast	7=KM	19=0	20=0	23=d. M. yyyy.	24=dddd, d. MMMM yyyy.	27=dddd, d. MMMM yyyy. HH':'mm':'ss	28=d. MMMM	29=MMMM yyyy.	32=. 	34=n. e.	35=nedjelja|ponedjeljak|utorak|srijeda|četvrtak|petak|subota	36=ned|pon|uto|sri|čet|pet|sub	37=januar|februar|mart|april|maj|juni|juli|august|septembar|oktobar|novembar|decembar	38=jan|feb|mar|apr|maj|jun|jul|aug|sep|okt|nov|dec	39=januar|februar|mart|april|maj|juni|juli|august|septembar|oktobar|novembar|decembar	40=jan|feb|mar|apr|maj|jun|jul|aug|sep|okt|nov|dec
ca	<ast	25=H':'mm	26=H':'mm':'ss	27=dddd, d MMMM 'de' yyyy H':'mm':'ss	30=a. m.	31=p. m.	34=dC	35=diumenge|dilluns|dimarts|dimecres|dijous|divendres|dissabte	36=dg.|dl.|dt.|dc.|dj.|dv.|ds.	37=gener|febrer|març|abril|maig|juny|juliol|agost|setembre|octubre|novembre|desembre	38=gen.|febr.|març|abr.|maig|juny|jul.|ag.|set.|oct.|nov.|des.	39=de gener|de febrer|de març|d’abril|de maig|de juny|de juliol|d’agost|de setembre|d’octubre|de novembre|de desembre	40=gen.|febr.|març|abr.|maig|juny|jul.|ag.|set.|oct.|nov.|des.
ccp	<bn	34=𑄈𑄳𑄢𑄨𑄌𑄴𑄑𑄛𑄴𑄘𑄧	35=𑄢𑄧𑄝𑄨𑄝𑄢𑄴|𑄥𑄧𑄟𑄴𑄝𑄢𑄴|𑄟𑄧𑄁𑄉𑄧𑄣𑄴𑄝𑄢𑄴|𑄝𑄪𑄖𑄴𑄝𑄢𑄴|𑄝𑄳𑄢𑄨𑄥𑄪𑄛𑄴𑄝𑄢𑄴|𑄥𑄪𑄇𑄴𑄇𑄮𑄢𑄴𑄝𑄢𑄴|𑄥𑄧𑄚𑄨𑄝𑄢𑄴	36=𑄢𑄧𑄝𑄨|𑄥𑄧𑄟𑄴|𑄟𑄧𑄁𑄉𑄧𑄣𑄴|𑄝𑄪𑄖𑄴|𑄝𑄳𑄢𑄨𑄥𑄪𑄛𑄴|𑄥𑄪𑄇𑄴𑄇𑄮𑄢𑄴|𑄥𑄧𑄚𑄨	37=𑄎𑄚𑄪𑄠𑄢𑄨|𑄜𑄬𑄛𑄴𑄝𑄳𑄢𑄪𑄠𑄢𑄨|𑄟𑄢𑄴𑄌𑄧|𑄃𑄬𑄛𑄳𑄢𑄨𑄣𑄴|𑄟𑄬|𑄎𑄪𑄚𑄴|𑄎𑄪𑄣𑄭|𑄃𑄉𑄧𑄌𑄴𑄑𑄴|𑄥𑄬𑄛𑄴𑄑𑄬𑄟𑄴𑄝𑄧𑄢𑄴|𑄃𑄧𑄇𑄴𑄑𑄮𑄝𑄧𑄢𑄴|𑄚𑄧𑄞𑄬𑄟𑄴𑄝𑄧𑄢𑄴|𑄓𑄨𑄥𑄬𑄟𑄴𑄝𑄧𑄢𑄴	38=𑄎𑄚𑄪𑄠𑄢𑄨|𑄜𑄬𑄛𑄴𑄝𑄳𑄢𑄪𑄠𑄢𑄨|𑄟𑄢𑄴𑄌𑄧|𑄃𑄬𑄛𑄳𑄢𑄨𑄣𑄴|𑄟𑄬|𑄎𑄪𑄚𑄴|𑄎𑄪𑄣𑄭|𑄃𑄉𑄧𑄌𑄴𑄑𑄴|𑄥𑄬𑄛𑄴𑄑𑄬𑄟𑄴𑄝𑄧𑄢𑄴|𑄃𑄧𑄇𑄴𑄑𑄮𑄝𑄧𑄢𑄴|𑄚𑄧𑄞𑄬𑄟𑄴𑄝𑄧𑄢𑄴|𑄓𑄨𑄥𑄬𑄟𑄴𑄝𑄧𑄢𑄴	39=𑄎𑄚𑄪𑄠𑄢𑄨|𑄜𑄬𑄛𑄴𑄝𑄳𑄢𑄪𑄠𑄢𑄨|𑄟𑄢𑄴𑄌𑄧|𑄃𑄬𑄛𑄳𑄢𑄨𑄣𑄴|𑄟𑄬|𑄎𑄪𑄚𑄴|𑄎𑄪𑄣𑄭|𑄃𑄉𑄧𑄌𑄴𑄑𑄴|𑄥𑄬𑄛𑄴𑄑𑄬𑄟𑄴𑄝𑄧𑄢𑄴|𑄃𑄧𑄇𑄴𑄑𑄬𑄝𑄧𑄢𑄴|𑄚𑄧𑄞𑄬𑄟𑄴𑄝𑄧𑄢𑄴|𑄓𑄨𑄥𑄬𑄟𑄴𑄝𑄧𑄢𑄴	40=𑄎𑄚𑄪𑄠𑄢𑄨|𑄜𑄬𑄛𑄴𑄝𑄳𑄢𑄪𑄠𑄢𑄨|𑄟𑄢𑄴𑄌𑄧|𑄃𑄬𑄛𑄳𑄢𑄨𑄣𑄴|𑄟𑄬|𑄎𑄪𑄚𑄴|𑄎𑄪𑄣𑄭|𑄃𑄉𑄧𑄌𑄴𑄑𑄴|𑄥𑄬𑄛𑄴𑄑𑄬𑄟𑄴𑄝𑄧𑄢𑄴|𑄃𑄧𑄇𑄴𑄑𑄮𑄝𑄧𑄢𑄴|𑄚𑄧𑄞𑄬𑄟𑄴𑄝𑄧𑄢𑄴|𑄓𑄨𑄥𑄬𑄟𑄴𑄝𑄧𑄢𑄴
ce	<bgc	7=₽	12=3	13=8	23=yyyy-MM-dd	24=yyyy MMMM d, dddd	27=yyyy MMMM d, dddd HH':'mm':'ss	28=MMMM d	32=-	34=в. э	35=кӀира|оршот|шинара|кхаара|еара|пӀераска|шуот	36=кӀи|ор|ши|кха|еа|пӀе|шуо	37=январь|февраль|март|апрель|май|июнь|июль|август|сентябрь|октябрь|ноябрь|декабрь	38=янв|фев|мар|апр|май|июн|июл|авг|сен|окт|ноя|дек	39=январь|февраль|март|апрель|май|июнь|июль|август|сентябрь|октябрь|ноябрь|декабрь	40=янв|фев|мар|апр|май|июн|июл|авг|сен|окт|ноя|дек
ceb	<ak	7=₱	23=M'/'d'/'yyyy	24=dddd, MMMM d, yyyy	27=dddd, MMMM d, yyyy h':'mm':'ss tt	30=AM	31=PM	34=KP	35=Domingo|Lunes|Martes|Miyerkules|Huwebes|Biyernes|Sabado	36=Dom|Lun|Mar|Mks|Hu|Bi|Sa	37=Enero|Pebrero|Marso|April|Mayo|Hunyo|Hulyo|Agosto|Setyembre|Oktubre|Nobyembre|Disyembre	38=En|Peb|Mar|Apr|May|Hun|Hul|Ag|Set|Okt|Nob|Dis	39=Enero|Pebrero|Marso|April|Mayo|Hunyo|Hulyo|Agosto|Setyembre|Oktubre|Nobyembre|Disyembre	40=En|Peb|Mar|Apr|May|Hun|Hul|Ag|Set|Okt|Nob|Dis
cgg	<bm	7=USh	23=dd'/'MM'/'yyyy	24=dddd, d MMMM yyyy	27=dddd, d MMMM yyyy HH':'mm':'ss	28=MMMM d	34=AD	35=Sande|Orwokubanza|Orwakabiri|Orwakashatu|Orwakana|Orwakataano|Orwamukaaga	36=SAN|ORK|OKB|OKS|OKN|OKT|OMK	37=Okwokubanza|Okwakabiri|Okwakashatu|Okwakana|Okwakataana|Okwamukaaga|Okwamushanju|Okwamunaana|Okwamwenda|Okwaikumi|Okwaikumi na kumwe|Okwaikumi na ibiri	38=KBZ|KBR|KST|KKN|KTN|KMK|KMS|KMN|KMW|KKM|KNK|KNB	39=Okwokubanza|Okwakabiri|Okwakashatu|Okwakana|Okwakataana|Okwamukaaga|Okwamushanju|Okwamunaana|Okwamwenda|Okwaikumi|Okwaikumi na kumwe|Okwaikumi na ibiri	40=KBZ|KBR|KST|KKN|KTN|KMK|KMS|KMN|KMW|KKM|KNK|KNB
chr	<ceb	7=$	24=dddd, MMMM dd,yyyy	27=dddd, MMMM dd,yyyy h':'mm':'ss tt	29=MMMM, yyyy	34=ᎠᎩᏃᎮᏢᏓᏍᏗᏱ ᎠᏕᏘᏱᏍᎬ ᏱᎰᏩ ᏧᏓᏂᎸᎢᏍᏗ	35=ᎤᎾᏙᏓᏆᏍᎬ|ᎤᎾᏙᏓᏉᏅᎯ|ᏔᎵᏁᎢᎦ|ᏦᎢᏁᎢᎦ|ᏅᎩᏁᎢᎦ|ᏧᎾᎩᎶᏍᏗ|ᎤᎾᏙᏓᏈᏕᎾ	36=ᏆᏍᎬ|ᏉᏅᎯ|ᏔᎵᏁ|ᏦᎢᏁ|ᏅᎩᏁ|ᏧᎾᎩ|ᏈᏕᎾ	37=ᎤᏃᎸᏔᏅ|ᎧᎦᎵ|ᎠᏅᏱ|ᏝᏬᏂ|ᎠᏂᏍᎬᏘ|ᏕᎭᎷᏱ|ᎫᏰᏉᏂ|ᎦᎶᏂ|ᏚᎵᏍᏗ|ᏚᏂᏅᏗ|ᏅᏓᏕᏆ|ᎤᏍᎩᏱ	38=ᎤᏃᎸ|ᎧᎦᎵ|ᎠᏅᏱ|ᏝᏬᏂ|ᎠᏂᏍ|ᏕᎭᎷ|ᎫᏰᏉ|ᎦᎶᏂ|ᏚᎵᏍ|ᏚᏂᏅ|ᏅᏓᏕ|ᎤᏍᎩ	39=ᎤᏃᎸᏔᏅ|ᎧᎦᎵ|ᎠᏅᏱ|ᏝᏬᏂ|ᎠᏂᏍᎬᏘ|ᏕᎭᎷᏱ|ᎫᏰᏉᏂ|ᎦᎶᏂ|ᏚᎵᏍᏗ|ᏚᏂᏅᏗ|ᏅᏓᏕᏆ|ᎤᏍᎩᏱ	40=ᎤᏃᎸ|ᎧᎦᎵ|ᎠᏅᏱ|ᏝᏬᏂ|ᎠᏂᏍ|ᏕᎭᎷ|ᎫᏰᏉ|ᎦᎶᏂ|ᏚᎵᏍ|ᏚᏂᏅ|ᏅᏓᏕ|ᎤᏍᎩ
ckb	<ak	7=د.ع.‏	13=2	14=٪	24=dddd, dd MMMM, yyyy	25=hh':'mm tt	26=hh':'mm':'ss tt	27=dddd, dd MMMM, yyyy hh':'mm':'ss tt	28=d MMMM	29=MMMM, yyyy	30=پ.ن	31=د.ن	34=A.D.	35=یەکشەممە|دووشەممە|سێشەممە|چوارشەممە|پێنجشەممە|ھەینی|شەممە	36=یەکشەممە|دووشەممە|سێشەممە|چوارشەممە|پێنجشەممە|ھەینی|شەممە	37=کانوونی دووەم|شوبات|ئازار|نیسان|ئایار|حوزەیران|تەمووز|ئاب|ئەیلوول|تشرینی یەکەم|تشرینی دووەم|کانونی یەکەم	38=کانوونی دووەم|شوبات|ئازار|نیسان|ئایار|حوزەیران|تەمووز|ئاب|ئەیلوول|تشرینی یەکەم|تشرینی دووەم|کانونی یەکەم	39=کانوونی دووەم|شوبات|ئازار|نیسان|ئایار|حوزەیران|تەمووز|ئاب|ئەیلوول|تشرینی یەکەم|تشرینی دووەم|کانونی یەکەم	40=کانوونی دووەم|شوبات|ئازار|نیسان|ئایار|حوزەیران|تەمووز|ئاب|ئەیلوول|تشرینی یەکەم|تشرینی دووەم|کانونی یەکەم
cs	<be	7=Kč	23=dd.MM.yyyy	24=dddd d. MMMM yyyy	25=H':'mm	26=H':'mm':'ss	27=dddd d. MMMM yyyy H':'mm':'ss	28=d. MMMM	29=MMMM yyyy	30=dop.	31=odp.	34=n. l.	35=neděle|pondělí|úterý|středa|čtvrtek|pátek|sobota	36=ne|po|út|st|čt|pá|so	37=leden|únor|březen|duben|květen|červen|červenec|srpen|září|říjen|listopad|prosinec	38=led|úno|bře|dub|kvě|čvn|čvc|srp|zář|říj|lis|pro	39=ledna|února|března|dubna|května|června|července|srpna|září|října|listopadu|prosince	40=led|úno|bře|dub|kvě|čvn|čvc|srp|zář|říj|lis|pro
csw	<bgc
cv	<bgc
cy	<cgg	7=£	11=2	30=yb	31=yh	34=OC	35=Dydd Sul|Dydd Llun|Dydd Mawrth|Dydd Mercher|Dydd Iau|Dydd Gwener|Dydd Sadwrn	36=Sul|Llun|Maw|Mer|Iau|Gwen|Sad	37=Ionawr|Chwefror|Mawrth|Ebrill|Mai|Mehefin|Gorffennaf|Awst|Medi|Hydref|Tachwedd|Rhagfyr	38=Ion|Chw|Maw|Ebr|Mai|Meh|Gor|Awst|Medi|Hyd|Tach|Rhag	39=Ionawr|Chwefror|Mawrth|Ebrill|Mai|Mehefin|Gorffennaf|Awst|Medi|Hydref|Tachwedd|Rhagfyr	40=Ion|Chw|Maw|Ebr|Mai|Meh|Gor|Awst|Medi|Hyd|Tach|Rhag
da	<bs	7=kr.	23=dd-MM-yyyy	24=d. MMMM yyyy	27=d. MMMM yyyy HH':'mm':'ss	29=MMMM yyyy	30=	31=	32=-	34=A.D.	35=søndag|mandag|tirsdag|onsdag|torsdag|fredag|lørdag	36=sø|ma|ti|on|to|fr|lø	37=januar|februar|marts|april|maj|juni|juli|august|september|oktober|november|december	39=januar|februar|marts|april|maj|juni|juli|august|september|oktober|november|december
dav	<cy	7=Ksh	30=Luma lwa K	31=luma lwa p	34=BK	35=Ituku ja jumwa|Kuramuka jimweri|Kuramuka kawi|Kuramuka kadadu|Kuramuka kana|Kuramuka kasanu|Kifula nguwo	36=Jum|Jim|Kaw|Kad|Kan|Kas|Ngu	37=Mori ghwa imbiri|Mori ghwa kawi|Mori ghwa kadadu|Mori ghwa kana|Mori ghwa kasanu|Mori ghwa karandadu|Mori ghwa mfungade|Mori ghwa wunyanya|Mori ghwa ikenda|Mori ghwa ikumi|Mori ghwa ikumi na imweri|Mori ghwa ikumi na iwi	38=Imb|Kaw|Kad|Kan|Kas|Kar|Mfu|Wun|Ike|Iku|Imw|Iwi	39=Mori ghwa imbiri|Mori ghwa kawi|Mori ghwa kadadu|Mori ghwa kana|Mori ghwa kasanu|Mori ghwa karandadu|Mori ghwa mfungade|Mori ghwa wunyanya|Mori ghwa ikenda|Mori ghwa ikumi|Mori ghwa ikumi na imweri|Mori ghwa ikumi na iwi	40=Imb|Kaw|Kad|Kan|Kas|Kar|Mfu|Wun|Ike|Iku|Imw|Iwi
de	<da	7=€	23=dd.MM.yyyy	24=dddd, d. MMMM yyyy	27=dddd, d. MMMM yyyy HH':'mm':'ss	32=.	34=n. Chr.	35=Sonntag|Montag|Dienstag|Mittwoch|Donnerstag|Freitag|Samstag	36=So|Mo|Di|Mi|Do|Fr|Sa	37=Januar|Februar|März|April|Mai|Juni|Juli|August|September|Oktober|November|Dezember	38=Jan|Feb|Mrz|Apr|Mai|Jun|Jul|Aug|Sep|Okt|Nov|Dez	39=Januar|Februar|März|April|Mai|Juni|Juli|August|September|Oktober|November|Dezember	40=Jan|Feb|Mrz|Apr|Mai|Jun|Jul|Aug|Sep|Okt|Nov|Dez
dje	<agq	0=.	7=CFA	8=.	15=.	30=Subbaahi	31=Zaarikay b	34=IZ	35=Alhadi|Atinni|Atalaata|Alarba|Alhamisi|Alzuma|Asibti	36=Alh|Ati|Ata|Ala|Alm|Alz|Asi	37=Žanwiye|Feewiriye|Marsi|Awiril|Me|Žuweŋ|Žuyye|Ut|Sektanbur|Oktoobur|Noowanbur|Deesanbur	38=Žan|Fee|Mar|Awi|Me|Žuw|Žuy|Ut|Sek|Okt|Noo|Dee	39=Žanwiye|Feewiriye|Marsi|Awiril|Me|Žuweŋ|Žuyye|Ut|Sektanbur|Oktoobur|Noowanbur|Deesanbur	40=Žan|Fee|Mar|Awi|Me|Žuw|Žuy|Ut|Sek|Okt|Noo|Dee
doi	<bgc
dsb	<de	23=d. M. yyyy	32=. 	34=po Chr.	35=njeźela|ponjeźele|wałtora|srjoda|stwórtk|pětk|sobota	36=nje|pon|wał|srj|stw|pět|sob	37=januar|februar|měrc|apryl|maj|junij|julij|awgust|september|oktober|nowember|december	38=jan|feb|měr|apr|maj|jun|jul|awg|sep|okt|now|dec	39=januara|februara|měrca|apryla|maja|junija|julija|awgusta|septembra|oktobra|nowembra|decembra	40=jan|feb|měr|apr|maj|jun|jul|awg|sep|okt|now|dec
dua	<bas	30=idiɓa	31=ebyámu	34=mb.Ys	35=éti|mɔ́sú|kwasú|mukɔ́sú|ŋgisú|ɗónɛsú|esaɓasú	36=ét|mɔ́s|kwa|muk|ŋgi|ɗón|esa	37=dimɔ́di|ŋgɔndɛ|sɔŋɛ|diɓáɓá|emiasele|esɔpɛsɔpɛ|madiɓɛ́díɓɛ́|diŋgindi|nyɛtɛki|mayésɛ́|tiníní|eláŋgɛ́	38=di|ŋgɔn|sɔŋ|diɓ|emi|esɔ|mad|diŋ|nyɛt|may|tin|elá	39=dimɔ́di|ŋgɔndɛ|sɔŋɛ|diɓáɓá|emiasele|esɔpɛsɔpɛ|madiɓɛ́díɓɛ́|diŋgindi|nyɛtɛki|mayésɛ́|tiníní|eláŋgɛ́	40=di|ŋgɔn|sɔŋ|diɓ|emi|esɔ|mad|diŋ|nyɛt|may|tin|elá
dyo	<agq	7=CFA	12=3	13=8	30=AM	31=PM	34=AtY	35=Dimas|Teneŋ|Talata|Alarbay|Aramisay|Arjuma|Sibiti	36=Dim|Ten|Tal|Ala|Ara|Arj|Sib	37=Sanvie|Fébirie|Mars|Aburil|Mee|Sueŋ|Súuyee|Ut|Settembar|Oktobar|Novembar|Disambar	38=Sa|Fe|Ma|Ab|Me|Su|Sú|Ut|Se|Ok|No|De	39=Sanvie|Fébirie|Mars|Aburil|Mee|Sueŋ|Súuyee|Ut|Settembar|Oktobar|Novembar|Disambar	40=Sa|Fe|Ma|Ab|Me|Su|Sú|Ut|Se|Ok|No|De
dz	<ce	2=3;2	7=Nu.	10=3;2	12=0	13=1	17=3;2	24=dddd, 'ས'ྤྱི་'ལ'ོ་yyyy MMMM 'ཚ'ེ'ས'་dd	25='ཆ'ུ་'ཚ'ོ'ད'་ h 'ས'ྐ'ར'་'མ'་ mm tt	26='ཆ'ུ་'ཚ'ོ'ད'་h':'mm':'ss tt	27=dddd, 'ས'ྤྱི་'ལ'ོ་yyyy MMMM 'ཚ'ེ'ས'་dd 'ཆ'ུ་'ཚ'ོ'ད'་h':'mm':'ss tt	30=སྔ་ཆ་	31=ཕྱི་ཆ་	34=CE	35=གཟའ་ཟླ་བ་|གཟའ་མིག་དམར་|གཟའ་ལྷག་པ་|གཟའ་ཕུར་བུ་|གཟའ་པ་སངས་|གཟའ་སྤེན་པ་|གཟའ་ཉི་མ་	36=ཟླ་|མིར་|ལྷག་|ཕུར་|སངས་|སྤེན་|ཉི་	37=སྤྱི་ཟླ་དངཔ་|སྤྱི་ཟླ་གཉིས་པ་|སྤྱི་ཟླ་གསུམ་པ་|སྤྱི་ཟླ་བཞི་པ|སྤྱི་ཟླ་ལྔ་པ་|སྤྱི་ཟླ་དྲུག་པ|སྤྱི་ཟླ་བདུན་པ་|སྤྱི་ཟླ་བརྒྱད་པ་|སྤྱི་ཟླ་དགུ་པ་|སྤྱི་ཟླ་བཅུ་པ་|སྤྱི་ཟླ་བཅུ་གཅིག་པ་|སྤྱི་ཟླ་བཅུ་གཉིས་པ་	38=ཟླ་༡|ཟླ་༢|ཟླ་༣|ཟླ་༤|ཟླ་༥|ཟླ་༦|ཟླ་༧|ཟླ་༨|ཟླ་༩|ཟླ་༡༠|ཟླ་༡༡|ཟླ་༡༢	39=ཟླ་དངཔ་|ཟླ་གཉིས་པ་|ཟླ་གསུམ་པ་|ཟླ་བཞི་པ་|ཟླ་ལྔ་པ་|ཟླ་དྲུག་པ|ཟླ་བདུན་པ་|ཟླ་བརྒྱད་པ་|ཟླ་དགུ་པ་|ཟླ་བཅུ་པ་|ཟླ་བཅུ་གཅིག་པ་|ཟླ་བཅུ་གཉིས་པ་	40=ཟླ་༡|ཟླ་༢|ཟླ་༣|ཟླ་༤|ཟླ་༥|ཟླ་༦|ཟླ་༧|ཟླ་༨|ཟླ་༩|ཟླ་༡༠|ཟླ་༡༡|ཟླ་༡༢
ebu	<dav	30=KI	31=UT	34=TK	35=Kiumia|Njumatatu|Njumaine|Njumatano|Aramithi|Njumaa|NJumamothii	36=Kma|Tat|Ine|Tan|Arm|Maa|NMM	37=Mweri wa mbere|Mweri wa kaĩri|Mweri wa kathatũ|Mweri wa kana|Mweri wa gatano|Mweri wa gatantatũ|Mweri wa mũgwanja|Mweri wa kanana|Mweri wa kenda|Mweri wa ikũmi|Mweri wa ikũmi na ũmwe|Mweri wa ikũmi na Kaĩrĩ	38=Mbe|Kai|Kat|Kan|Gat|Gan|Mug|Knn|Ken|Iku|Imw|Igi	39=Mweri wa mbere|Mweri wa kaĩri|Mweri wa kathatũ|Mweri wa kana|Mweri wa gatano|Mweri wa gatantatũ|Mweri wa mũgwanja|Mweri wa kanana|Mweri wa kenda|Mweri wa ikũmi|Mweri wa ikũmi na ũmwe|Mweri wa ikũmi na Kaĩrĩ	40=Mbe|Kai|Kat|Kan|Gat|Gan|Mug|Knn|Ken|Iku|Imw|Igi
ee	<ak	23=M'/'d'/'yyyy	24=dddd, MMMM d 'lia' yyyy	25=tt 'ga' h':'mm	26=tt 'ga' h':'mm':'ss	27=dddd, MMMM d 'lia' yyyy tt 'ga' h':'mm':'ss	28=MMMM d 'lia'	30=ŋdi	31=ɣetrɔ	34=Yŋ	35=kɔsiɖa|dzoɖa|blaɖa|kuɖa|yawoɖa|fiɖa|memleɖa	36=kɔs|dzo|bla|kuɖ|yaw|fiɖ|mem	37=dzove|dzodze|tedoxe|afɔfĩe|dama|masa|siamlɔm|deasiamime|anyɔnyɔ|kele|adeɛmekpɔxe|dzome	38=dzv|dzd|ted|afɔ|dam|mas|sia|dea|any|kel|ade|dzm	39=dzove|dzodze|tedoxe|afɔfĩe|dama|masa|siamlɔm|deasiamime|anyɔnyɔ|kele|adeɛmekpɔxe|dzome	40=dzv|dzd|ted|afɔ|dam|mas|sia|dea|any|kel|ade|dzm
el	<ast	24=dddd, d MMMM yyyy	25=h':'mm tt	26=h':'mm':'ss tt	27=dddd, d MMMM yyyy h':'mm':'ss tt	29=MMMM yyyy	30=πμ	31=μμ	34=μ.Χ.	35=Κυριακή|Δευτέρα|Τρίτη|Τετάρτη|Πέμπτη|Παρασκευή|Σάββατο	36=Κυρ|Δευ|Τρι|Τετ|Πεμ|Παρ|Σαβ	37=Ιανουάριος|Φεβρουάριος|Μάρτιος|Απρίλιος|Μάιος|Ιούνιος|Ιούλιος|Αύγουστος|Σεπτέμβριος|Οκτώβριος|Νοέμβριος|Δεκέμβριος	38=Ιαν|Φεβ|Μαρ|Απρ|Μαϊ|Ιουν|Ιουλ|Αυγ|Σεπ|Οκτ|Νοε|Δεκ	39=Ιανουαρίου|Φεβρουαρίου|Μαρτίου|Απριλίου|Μαΐου|Ιουνίου|Ιουλίου|Αυγούστου|Σεπτεμβρίου|Οκτωβρίου|Νοεμβρίου|Δεκεμβρίου	40=Ιαν|Φεβ|Μαρ|Απρ|Μαϊ|Ιουν|Ιουλ|Αυγ|Σεπ|Οκτ|Νοε|Δεκ
en	<ceb	7=$	13=0	34=A.D.	35=Sunday|Monday|Tuesday|Wednesday|Thursday|Friday|Saturday	36=Sun|Mon|Tue|Wed|Thu|Fri|Sat	37=January|February|March|April|May|June|July|August|September|October|November|December	38=Jan|Feb|Mar|Apr|May|Jun|Jul|Aug|Sep|Oct|Nov|Dec	39=January|February|March|April|May|June|July|August|September|October|November|December	40=Jan|Feb|Mar|Apr|May|Jun|Jul|Aug|Sep|Oct|Nov|Dec
eo	<af	7=XDR	12=2	13=9	24=dddd, d-'a' 'de' MMMM yyyy	27=dddd, d-'a' 'de' MMMM yyyy HH':'mm':'ss	28=MMMM d	29=yyyy MMMM	30=atm	31=ptm	34=pK	35=dimanĉo|lundo|mardo|merkredo|ĵaŭdo|vendredo|sabato	36=di|lu|ma|me|ĵa|ve|sa	37=januaro|februaro|marto|aprilo|majo|junio|julio|aŭgusto|septembro|oktobro|novembro|decembro	38=jan|feb|mar|apr|maj|jun|jul|aŭg|sep|okt|nov|dec	39=januaro|februaro|marto|aprilo|majo|junio|julio|aŭgusto|septembro|oktobro|novembro|decembro	40=jan|feb|mar|apr|maj|jun|jul|aŭg|sep|okt|nov|dec
es	<ca	19=0	20=0	23=dd'/'MM'/'yyyy	24=dddd, d 'de' MMMM 'de' yyyy	27=dddd, d 'de' MMMM 'de' yyyy H':'mm':'ss	28=d 'de' MMMM	30=	31=	34=d. C.	35=domingo|lunes|martes|miércoles|jueves|viernes|sábado	36=do.|lu.|ma.|mi.|ju.|vi.|sá.	37=enero|febrero|marzo|abril|mayo|junio|julio|agosto|septiembre|octubre|noviembre|diciembre	38=ene.|feb.|mar.|abr.|may.|jun.|jul.|ago.|sep.|oct.|nov.|dic.	39=enero|febrero|marzo|abril|mayo|junio|julio|agosto|septiembre|octubre|noviembre|diciembre	40=ene.|feb.|mar.|abr.|may.|jun.|jul.|ago.|sep.|oct.|nov.|dic.
et	<az	1= 	7=€	9= 	16= 	24=dddd, d. MMMM yyyy	27=dddd, d. MMMM yyyy HH':'mm':'ss	28=d. MMMM	34=pKr	35=pühapäev|esmaspäev|teisipäev|kolmapäev|neljapäev|reede|laupäev	36=P|E|T|K|N|R|L	37=jaanuar|veebruar|märts|aprill|mai|juuni|juuli|august|september|oktoober|november|detsember	38=jaan|veebr|märts|apr|mai|juuni|juuli|aug|sept|okt|nov|dets	39=jaanuar|veebruar|märts|aprill|mai|juuni|juuli|august|september|oktoober|november|detsember	40=jaan|veebr|märts|apr|mai|juuni|juuli|aug|sept|okt|nov|dets
eu	<ast	19=3	20=7	23=yyyy'/'M'/'d	24=yyyy('e')'ko' MMMM'ren' d('a'), dddd	27=yyyy('e')'ko' MMMM'ren' d('a'), dddd HH':'mm':'ss	28=MMMM d	29=yyyy('e')'ko' MMMM	34=K.o.	35=igandea|astelehena|asteartea|asteazkena|osteguna|ostirala|larunbata	36=ig.|al.|ar.|az.|og.|or.|lr.	37=urtarrila|otsaila|martxoa|apirila|maiatza|ekaina|uztaila|abuztua|iraila|urria|azaroa|abendua	38=urt.|ots.|mar.|api.|mai.|eka.|uzt.|abu.|ira.|urr.|aza.|abe.	39=urtarrila|otsaila|martxoa|apirila|maiatza|ekaina|uztaila|abuztua|iraila|urria|azaroa|abendua	40=urt.|ots.|mar.|api.|mai.|eka.|uzt.|abu.|ira.|urr.|aza.|abe.
ewo	<dyo	7=FCFA	30=kíkíríg	31=ngəgógəle	34=ayk	35=sɔ́ndɔ|mɔ́ndi|sɔ́ndɔ məlú mə́bɛ̌|sɔ́ndɔ məlú mə́lɛ́|sɔ́ndɔ məlú mə́nyi|fúladé|séradé	36=sɔ́n|mɔ́n|smb|sml|smn|fúl|sér	37=ngɔn osú|ngɔn bɛ̌|ngɔn lála|ngɔn nyina|ngɔn tána|ngɔn saməna|ngɔn zamgbála|ngɔn mwom|ngɔn ebulú|ngɔn awóm|ngɔn awóm ai dziá|ngɔn awóm ai bɛ̌	38=ngo|ngb|ngl|ngn|ngt|ngs|ngz|ngm|nge|nga|ngad|ngab	39=ngɔn osú|ngɔn bɛ̌|ngɔn lála|ngɔn nyina|ngɔn tána|ngɔn saməna|ngɔn zamgbála|ngɔn mwom|ngɔn ebulú|ngɔn awóm|ngɔn awóm ai dziá|ngɔn awóm ai bɛ̌	40=ngo|ngb|ngl|ngn|ngt|ngs|ngz|ngm|nge|nga|ngad|ngab
fa	/	,	3	2	3	-	+	ريال	/	,	3	2	1	6	%	/	,	3	2	0	11	‰	persian	dd'/'MM'/'yyyy	dddd, d MMMM yyyy	hh':'mm tt	hh':'mm':'ss tt	dddd, d MMMM yyyy hh':'mm':'ss tt	d MMMM	MMMM, yyyy	ق.ظ	ب.ظ	/	:	ه.ش	يكشنبه|دوشنبه|سه شنبه|چهارشنبه|پنجشنبه|جمعه|شنبه	يكشنبه|دوشنبه|سه شنبه|چهارشنبه|پنجشنبه|جمعه|شنبه	فروردین|اردیبهشت|خرداد|تیر|مرداد|شهریور|مهر|آبان|آذر|دی|بهمن|اسفند	فروردین|اردیبهشت|خرداد|تیر|مرداد|شهریور|مهر|آبان|آذر|دی|بهمن|اسفند	فروردین|اردیبهشت|خرداد|تیر|مرداد|شهریور|مهر|آبان|آذر|دی|بهمن|اسفند	فروردین|اردیبهشت|خرداد|تیر|مرداد|شهریور|مهر|آبان|آذر|دی|بهمن|اسفند	dddd, dd MMMM yyyy hh':'mm':'ss tt	ژانويه|فوريه|مارس|آوريل|مه|ژوئن|ژوئيه|اوت|سپتامبر|اُكتبر|نوامبر|دسامبر	
ff	<br	7=CFA	19=1	20=1	28=dd MMMM	30=	31=	34=Jibinannde iisaa	35=alete|altine|talaata|alarba|alkamiisa|aljumaa|asete	36=alet|alt.|tal.|alar.|alk.|alj.|aset	37=samwiee|feeburyee|marsa|awril|me|suyeŋ|sulyee|ut|satambara|oktoobar|nowamburu|deesamburu	38=samw|feeb|mar|awr|me|suy|sul|ut|sat|okt|now|dees	39=samwiee|feeburyee|marsa|awril|me|suyeŋ|sulyee|ut|satambara|oktoobar|nowamburu|deesamburu	40=samw|feeb|mar|awr|me|suy|sul|ut|sat|okt|now|dees
fi	<cs	7=€	23=d.M.yyyy	25=H.mm	26=H.mm.ss	27=dddd d. MMMM yyyy H.mm.ss	30=ap.	31=ip.	33=.	34=jKr.	35=sunnuntai|maanantai|tiistai|keskiviikko|torstai|perjantai|lauantai	36=su|ma|ti|ke|to|pe|la	37=tammikuu|helmikuu|maaliskuu|huhtikuu|toukokuu|kesäkuu|heinäkuu|elokuu|syyskuu|lokakuu|marraskuu|joulukuu	38=tammi|helmi|maalis|huhti|touko|kesä|heinä|elo|syys|loka|marras|joulu	39=tammikuuta|helmikuuta|maaliskuuta|huhtikuuta|toukokuuta|kesäkuuta|heinäkuuta|elokuuta|syyskuuta|lokakuuta|marraskuuta|joulukuuta	40=tammi|helmi|maalis|huhti|touko|kesä|heinä|elo|syys|loka|marras|joulu
fil	<ceb	34=AD	35=Linggo|Lunes|Martes|Miyerkules|Huwebes|Biyernes|Sabado	36=Lin|Lun|Mar|Miy|Huw|Biy|Sab	37=Enero|Pebrero|Marso|Abril|Mayo|Hunyo|Hulyo|Agosto|Setyembre|Oktubre|Nobyembre|Disyembre	38=Ene|Peb|Mar|Abr|May|Hun|Hul|Ago|Set|Okt|Nob|Dis	39=Enero|Pebrero|Marso|Abril|Mayo|Hunyo|Hulyo|Agosto|Setyembre|Oktubre|Nobyembre|Disyembre	40=Ene|Peb|Mar|Abr|May|Hun|Hul|Ago|Set|Okt|Nob|Dis
fo	<de	7=kr	30=um fyr.	31=um sein.	34=e.Kr.	35=sunnudagur|mánadagur|týsdagur|mikudagur|hósdagur|fríggjadagur|leygardagur	36=sun.|mán.|týs.|mik.|hós.|frí.|ley.	37=januar|februar|mars|apríl|mai|juni|juli|august|september|oktober|november|desember	38=jan|feb|mar|apr|mai|jun|jul|aug|sep|okt|nov|des	39=januar|februar|mars|apríl|mai|juni|juli|august|september|oktober|november|desember	40=jan|feb|mar|apr|mai|jun|jul|aug|sep|okt|nov|des
fr	<br	30=	31=	34=ap. J.-C.	35=dimanche|lundi|mardi|mercredi|jeudi|vendredi|samedi	36=dim.|lun.|mar.|mer.|jeu.|ven.|sam.	37=janvier|février|mars|avril|mai|juin|juillet|août|septembre|octobre|novembre|décembre	38=janv.|févr.|mars|avr.|mai|juin|juil.|août|sept.|oct.|nov.|déc.	39=janvier|février|mars|avril|mai|juin|juillet|août|septembre|octobre|novembre|décembre	40=janv.|févr.|mars|avr.|mai|juin|juil.|août|sept.|oct.|nov.|déc.
fur	<ast	12=2	13=9	23=dd'/'MM'/'yyyy	24=dddd d 'di' MMMM 'dal' yyyy	27=dddd d 'di' MMMM 'dal' yyyy HH':'mm':'ss	28=d 'di' MMMM	29=MMMM 'dal' yyyy	30=a.	31=p.	34=ddC	35=domenie|lunis|martars|miercus|joibe|vinars|sabide	36=dom|lun|mar|mie|joi|vin|sab	37=Zenâr|Fevrâr|Març|Avrîl|Mai|Jugn|Lui|Avost|Setembar|Otubar|Novembar|Dicembar	38=Zen|Fev|Mar|Avr|Mai|Jug|Lui|Avo|Set|Otu|Nov|Dic	39=Zenâr|Fevrâr|Març|Avrîl|Mai|Jugn|Lui|Avost|Setembar|Otubar|Novembar|Dicembar	40=Zen|Fev|Mar|Avr|Mai|Jug|Lui|Avo|Set|Otu|Nov|Dic
fy	<ast	12=2	13=11	23=dd-MM-yyyy	24=dddd d MMMM yyyy	27=dddd d MMMM yyyy HH':'mm':'ss	29=MMMM yyyy	32=-	34=n.Kr.	35=snein|moandei|tiisdei|woansdei|tongersdei|freed|sneon	36=si|mo|ti|wo|to|fr|so	37=Jannewaris|Febrewaris|Maart|April|Maaie|Juny|July|Augustus|Septimber|Oktober|Novimber|Desimber	38=Jan|Feb|Mrt|Apr|Mai|Jun|Jul|Aug|Sep|Okt|Nov|Des	39=Jannewaris|Febrewaris|Maart|April|Maaie|Juny|July|Augustus|Septimber|Oktober|Novimber|Desimber	40=Jan|Feb|Mrt|Apr|Mai|Jun|Jul|Aug|Sep|Okt|Nov|Des
ga	<bm	7=€	11=2	23=dd'/'MM'/'yyyy	30=r.n.	31=i.n.	34=AD	35=Dé Domhnaigh|Dé Luain|Dé Máirt|Dé Céadaoin|Déardaoin|Dé hAoine|Dé Sathairn	36=Domh|Luan|Máirt|Céad|Déar|Aoine|Sath	37=Eanáir|Feabhra|Márta|Aibreán|Bealtaine|Meitheamh|Iúil|Lúnasa|Meán Fómhair|Deireadh Fómhair|Samhain|Nollaig	38=Ean|Feabh|Márta|Aib|Beal|Meith|Iúil|Lún|MFómh|DFómh|Samh|Noll	39=Eanáir|Feabhra|Márta|Aibreán|Bealtaine|Meitheamh|Iúil|Lúnasa|Meán Fómhair|Deireadh Fómhair|Samhain|Nollaig	40=Ean|Feabh|Márta|Aib|Beal|Meith|Iúil|Lún|MFómh|DFómh|Samh|Noll
gd	<cy	24=dddd, d'mh' MMMM yyyy	27=dddd, d'mh' MMMM yyyy HH':'mm':'ss	28=d'mh' MMMM	30=m	31=f	34=AD	35=DiDòmhnaich|DiLuain|DiMàirt|DiCiadain|DiarDaoin|DihAoine|DiSathairne	36=DiD|DiL|DiM|DiC|Dia|Dih|DiS	37=Am Faoilleach|An Gearran|Am Màrt|An Giblean|An Cèitean|An t-Ògmhios|An t-Iuchar|An Lùnastal|An t-Sultain|An Dàmhair|An t-Samhain|An Dùbhlachd	38=Faoi|Gearr|Màrt|Gibl|Cèit|Ògmh|Iuch|Lùna|Sult|Dàmh|Samh|Dùbh	39=dhen Fhaoilleach|dhen Ghearran|dhen Mhàrt|dhen Ghiblean|dhen Chèitean|dhen Ògmhios|dhen Iuchar|dhen Lùnastal|dhen t-Sultain|dhen Dàmhair|dhen t-Samhain|dhen Dùbhlachd	40=Faoi|Gearr|Màrt|Gibl|Cèit|Ògmh|Iuch|Lùna|Sult|Dàmh|Samh|Dùbh
gl	<es	25=HH':'mm	26=HH':'mm':'ss	27=dddd, d 'de' MMMM 'de' yyyy HH':'mm':'ss	30=a.m.	31=p.m.	34=d.C.	35=domingo|luns|martes|mércores|xoves|venres|sábado	36=dom.|luns|mar.|mér.|xov.|ven.|sáb.	37=Xaneiro|Febreiro|Marzo|Abril|Maio|Xuño|Xullo|Agosto|Setembro|Outubro|Novembro|Decembro	38=Xan.|Feb.|Mar.|Abr.|Maio|Xuño|Xul.|Ago.|Set.|Out.|Nov.|Dec.	39=xaneiro|febreiro|marzo|abril|maio|xuño|xullo|agosto|setembro|outubro|novembro|decembro	40=Xan.|Feb.|Mar.|Abr.|Maio|Xuño|Xul.|Ago.|Set.|Out.|Nov.|Dec.
gsw	<de	0=.	1=’	7=CHF	8=.	9=’	15=.	16=’	30=vorm.	31=nam.	35=Sunntig|Määntig|Ziischtig|Mittwuch|Dunschtig|Friitig|Samschtig	36=Su.|Mä.|Zi.|Mi.|Du.|Fr.|Sa.	37=Januar|Februar|März|April|Mai|Juni|Juli|Auguscht|Septämber|Oktoober|Novämber|Dezämber	38=Jan|Feb|Mär|Apr|Mai|Jun|Jul|Aug|Sep|Okt|Nov|Dez	39=Januar|Februar|März|April|Mai|Juni|Juli|Auguscht|Septämber|Oktoober|Novämber|Dezämber	40=Jan|Feb|Mär|Apr|Mai|Jun|Jul|Aug|Sep|Okt|Nov|Dez
gu	<as	12=0	23=dd-MM-yy	24=dd MMMM yyyy	25=HH':'mm	26=HH':'mm':'ss	27=dd MMMM yyyy HH':'mm':'ss	28=dd MMMM	29=MMMM, yyyy	30=પૂર્વ મધ્યાહ્ન	31=ઉત્તર મધ્યાહ્ન	34=ઈસ્વી	35=રવિવાર|સોમવાર|મંગળવાર|બુધવાર|ગુરુવાર|શુક્રવાર|શનિવાર	36=રવિ|સોમ|મંગળ|બુધ|ગુરુ|શુક્ર|શનિ	37=જાન્યુઆરી|ફેબ્રુઆરી|માર્ચ|એપ્રિલ|મે|જૂન|જુલાઈ|ઑગસ્ટ|સપ્ટેમ્બર|ઑક્ટોબર|નવેમ્બર|ડિસેમ્બર	38=જાન્યુ|ફેબ્રુ|માર્ચ|એપ્રિલ|મે|જૂન|જુલાઈ|ઑગ|સપ્ટે|ઑક્ટો|નવે|ડિસે	39=જાન્યુઆરી|ફેબ્રુઆરી|માર્ચ|એપ્રિલ|મે|જૂન|જુલાઈ|ઑગસ્ટ|સપ્ટેમ્બર|ઑક્ટોબર|નવેમ્બર|ડિસેમ્બર	40=જાન્યુ|ફેબ્રુ|માર્ચ|એપ્રિલ|મે|જૂન|જુલાઈ|ઑગ|સપ્ટે|ઑક્ટો|નવે|ડિસે
guz	<dav	30=Ma	31=Mo	34=YK	35=Chumapiri|Chumatato|Chumaine|Chumatano|Aramisi|Ichuma|Esabato	36=Cpr|Ctt|Cmn|Cmt|Ars|Icm|Est	37=Chanuari|Feburari|Machi|Apiriri|Mei|Juni|Chulai|Agosti|Septemba|Okitoba|Nobemba|Disemba	38=Can|Feb|Mac|Apr|Mei|Jun|Cul|Agt|Sep|Okt|Nob|Dis	39=Chanuari|Feburari|Machi|Apiriri|Mei|Juni|Chulai|Agosti|Septemba|Okitoba|Nobemba|Disemba	40=Can|Feb|Mac|Apr|Mei|Jun|Cul|Agt|Sep|Okt|Nob|Dis
gv	<cy	24=dddd dd MMMM yyyy	27=dddd dd MMMM yyyy HH':'mm':'ss	29=yyyy MMMM	30=a.m.	31=p.m.	34=AD	35=Jedoonee|Jelhein|Jemayrt|Jercean|Jerdein|Jeheiney|Jesarn	36=Jed|Jel|Jem|Jerc|Jerd|Jeh|Jes	37=Jerrey-geuree|Toshiaght-arree|Mayrnt|Averil|Boaldyn|Mean-souree|Jerrey-souree|Luanistyn|Mean-fouyir|Jerrey-fouyir|Mee Houney|Mee ny Nollick	38=J-guer|T-arree|Mayrnt|Avrril|Boaldyn|M-souree|J-souree|Luanistyn|M-fouyir|J-fouyir|M-Houney|M-Nollick	39=Jerrey-geuree|Toshiaght-arree|Mayrnt|Averil|Boaldyn|Mean-souree|Jerrey-souree|Luanistyn|Mean-fouyir|Jerrey-fouyir|Mee Houney|Mee ny Nollick	40=J-guer|T-arree|Mayrnt|Avrril|Boaldyn|M-souree|J-souree|Luanistyn|M-fouyir|J-fouyir|M-Houney|M-Nollick
ha	<bm	7=₦	11=2	12=2	13=9	24=dddd d MMMM, yyyy	27=dddd d MMMM, yyyy HH':'mm':'ss	28=MMMM d	34=BHAI	35=Lahadi|Litinin|Talata|Laraba|Alhamis|Jummaʼa|Asabar	36=Lah|Lit|Tal|Lar|Alh|Jum|Asa	37=Janairu|Faburairu|Maris|Afirilu|Mayu|Yuni|Yuli|Agusta|Satumba|Oktoba|Nuwamba|Disamba	38=Jan|Fab|Mar|Afi|May|Yun|Yul|Agu|Sat|Okt|Nuw|Dis	39=Janairu|Faburairu|Maris|Afirilu|Mayu|Yuni|Yuli|Agusta|Satumba|Oktoba|Nuwamba|Disamba	40=Jan|Fab|Mar|Afi|May|Yun|Yul|Agu|Sat|Okt|Nuw|Dis
haw	<chr	23=d'/'M'/'yyyy	24=dddd, d MMMM yyyy	27=dddd, d MMMM yyyy h':'mm':'ss tt	29=yyyy MMMM	34=CE	35=Lāpule|Poʻakahi|Poʻalua|Poʻakolu|Poʻahā|Poʻalima|Poʻaono	36=LP|P1|P2|P3|P4|P5|P6	37=Ianuali|Pepeluali|Malaki|ʻApelila|Mei|Iune|Iulai|ʻAukake|Kepakemapa|ʻOkakopa|Nowemapa|Kekemapa	38=Ian.|Pep.|Mal.|ʻAp.|Mei|Iun.|Iul.|ʻAu.|Kep.|ʻOk.|Now.|Kek.	39=Ianuali|Pepeluali|Malaki|ʻApelila|Mei|Iune|Iulai|ʻAukake|Kepakemapa|ʻOkakopa|Nowemapa|Kekemapa	40=Ian.|Pep.|Mal.|ʻAp.|Mei|Iun.|Iul.|ʻAu.|Kep.|ʻOk.|Now.|Kek.
he	<ha	7=₪	13=2	23=dd'/'MM'/'yyyy	24=dddd dd MMMM yyyy	27=dddd dd MMMM yyyy HH':'mm':'ss	28=dd MMMM	34=לספירה	35=יום ראשון|יום שני|יום שלישי|יום רביעי|יום חמישי|יום שישי|שבת	36=יום א|יום ב|יום ג|יום ד|יום ה|יום ו|שבת	37=ינואר|פברואר|מרץ|אפריל|מאי|יוני|יולי|אוגוסט|ספטמבר|אוקטובר|נובמבר|דצמבר	38=ינו|פבר|מרץ|אפר|מאי|יונ|יול|אוג|ספט|אוק|נוב|דצמ	39=ינואר|פברואר|מרץ|אפריל|מאי|יוני|יולי|אוגוסט|ספטמבר|אוקטובר|נובמבר|דצמבר	40=ינו|פבר|מרץ|אפר|מאי|יונ|יול|אוג|ספט|אוק|נוב|דצמ
hi	<gu	23=dd-MM-yyyy	30=पूर्वाह्न	31=अपराह्न	34=A.D.	35=रविवार|सोमवार|मंगलवार|बुधवार|गुरुवार|शुक्रवार|शनिवार	36=रवि.|सोम.|मंगल.|बुध.|गुरु.|शुक्र.|शनि.	37=जनवरी|फरवरी|मार्च|अप्रैल|मई|जून|जुलाई|अगस्त|सितम्बर|अक्तूबर|नवम्बर|दिसम्बर	38=जनवरी|फरवरी|मार्च|अप्रैल|मई|जून|जुलाई|अगस्त|सितम्बर|अक्तूबर|नवम्बर|दिसम्बर	39=जनवरी|फरवरी|मार्च|अप्रैल|मई|जून|जुलाई|अगस्त|सितम्बर|अक्तूबर|नवम्बर|दिसम्बर	40=जनवरी|फरवरी|मार्च|अप्रैल|मई|जून|जुलाई|अगस्त|सितम्बर|अक्तूबर|नवम्बर|दिसम्बर
hr	<de	23=d.M.yyyy.	24=d. MMMM yyyy.	25=H':'mm	26=H':'mm':'ss	27=d. MMMM yyyy. H':'mm':'ss	29=MMMM, yyyy	34=n.e.	35=nedjelja|ponedjeljak|utorak|srijeda|četvrtak|petak|subota	36=ned|pon|uto|sri|čet|pet|sub	37=siječanj|veljača|ožujak|travanj|svibanj|lipanj|srpanj|kolovoz|rujan|listopad|studeni|prosinac	38=sij|vlj|ožu|tra|svi|lip|srp|kol|ruj|lis|stu|pro	39=siječnja|veljače|ožujka|travnja|svibnja|lipnja|srpnja|kolovoza|rujna|listopada|studenog|prosinca	40=sij|vlj|ožu|tra|svi|lip|srp|kol|ruj|lis|stu|pro
hsb	<de	23=d.M.yyyy	25=H':'mm 'hodź'.	26=H':'mm':'ss	27=dddd, d. MMMM yyyy H':'mm':'ss	28=MMMM d	29=yyyy MMMM	30=dopołdnja	31=popołdnju	34=po Chr.n.	35=njedźela|póndźela|wutora|srjeda|štwórtk|pjatk|sobota	36=nje|pón|wut|srj|štw|pja|sob	37=januar|februar|měrc|apryl|meja|junij|julij|awgust|september|oktober|nowember|december	38=jan|feb|měr|apr|mej|jun|jul|awg|sep|okt|now|dec	39=januara|februara|měrca|apryla|meje|junija|julija|awgusta|septembra|oktobra|nowembra|decembra	40=jan|feb|měr|apr|mej|jun|jul|awg|sep|okt|now|dec
hu	<bg	7=Ft	23=yyyy. MM. dd.	24=yyyy. MMMM d., dddd	27=yyyy. MMMM d., dddd H':'mm':'ss	28=MMMM d.	29=yyyy. MMMM	30=de.	31=du.	32=. 	34=i. sz.	35=vasárnap|hétfő|kedd|szerda|csütörtök|péntek|szombat	36=V|H|K|Sze|Cs|P|Szo	37=január|február|március|április|május|június|július|augusztus|szeptember|október|november|december	38=jan.|febr.|márc.|ápr.|máj.|jún.|júl.|aug.|szept.|okt.|nov.|dec.	39=január|február|március|április|május|június|július|augusztus|szeptember|október|november|december	40=jan.|febr.|márc.|ápr.|máj.|jún.|júl.|aug.|szept.|okt.|nov.|dec.
hy	<asa	7=֏	23=dd.MM.yyyy	24=d MMMM, yyyy	27=d MMMM, yyyy HH':'mm':'ss	28=d MMMM	29=MMMM, yyyy	30=	31=	32=.	34=մեր թվարկություն	35=Կիրակի|Երկուշաբթի|Երեքշաբթի|Չորեքշաբթի|Հինգշաբթի|Ուրբաթ|Շաբաթ	36=Կիր|Երկ|Երք|Չրք|Հնգ|Ուր|Շբթ	37=Հունվար|Փետրվար|Մարտ|Ապրիլ|Մայիս|Հունիս|Հուլիս|Օգոստոս|Սեպտեմբեր|Հոկտեմբեր|Նոյեմբեր|Դեկտեմբեր	38=Հնվ|Փտվ|Մրտ|Ապր|Մյս|Հնս|Հլս|Օգս|Սպտ|Հկտ|Նյմ|Դկտ	39=հունվարի|փետրվարի|մարտի|ապրիլի|մայիսի|հունիսի|հուլիսի|օգոստոսի|սեպտեմբերի|հոկտեմբերի|նոյեմբերի|դեկտեմբերի	40=Հնվ|Փտվ|Մրտ|Ապր|Մյս|Հնս|Հլս|Օգս|Սպտ|Հկտ|Նյմ|Դկտ
ia	<fy	7=XDR	13=9	24=dddd 'le' d 'de' MMMM yyyy	27=dddd 'le' d 'de' MMMM yyyy HH':'mm':'ss	28=d 'de' MMMM	34=p.Chr.	35=dominica|lunedi|martedi|mercuridi|jovedi|venerdi|sabbato	36=dom|lun|mar|mer|jov|ven|sab	37=januario|februario|martio|april|maio|junio|julio|augusto|septembre|octobre|novembre|decembre	38=jan|feb|mar|apr|mai|jun|jul|aug|sep|oct|nov|dec	39=januario|februario|martio|april|maio|junio|julio|augusto|septembre|octobre|novembre|decembre	40=jan|feb|mar|apr|mai|jun|jul|aug|sep|oct|nov|dec
id	<ast	7=Rp	12=0	13=1	23=dd'/'MM'/'yyyy	24=dddd, dd MMMM yyyy	25=HH.mm	26=HH.mm.ss	27=dddd, dd MMMM yyyy HH.mm.ss	29=MMMM yyyy	33=.	34=M	35=Minggu|Senin|Selasa|Rabu|Kamis|Jumat|Sabtu	36=Min|Sen|Sel|Rab|Kam|Jum|Sab	37=Januari|Februari|Maret|April|Mei|Juni|Juli|Agustus|September|Oktober|November|Desember	38=Jan|Feb|Mar|Apr|Mei|Jun|Jul|Agu|Sep|Okt|Nov|Des	39=Januari|Februari|Maret|April|Mei|Juni|Juli|Agustus|September|Oktober|November|Desember	40=Jan|Feb|Mar|Apr|Mei|Jun|Jul|Agu|Sep|Okt|Nov|Des
ie	<bgc
ig	<cy	7=₦	23=d'/'M'/'yyyy	28=d MMMM	30=A.M.	31=P.M.	34=A.K.	35=Ụbọchị Ụka|Mọnde|Tiuzdee|Wenezdee|Tọọzdee|Fraịdee|Satọdee	36=Ụka|Mọn|Tiu|Wen|Tọọ|Fraị|Satọdee	37=Jenụwarị|Febrụwarị|Maachị|Epreel|Mee|Juun|Julaị|Ọgọọst|Septemba|Ọktoba|Novemba|Disemba	38=Jen|Feb|Maa|Epr|Mee|Juu|Jul|Ọgọ|Sep|Ọkt|Nov|Dis	39=Jenụwarị|Febrụwarị|Maachị|Epreel|Mee|Juun|Julaị|Ọgọọst|Septemba|Ọktoba|Novemba|Disemba	40=Jen|Feb|Maa|Epr|Mee|Juu|Jul|Ọgọ|Sep|Ọkt|Nov|Dis
ii	<bo	10=3	24=yyyy'ꈎ' M'ꆪ' d'ꑍ'	25=tt h':'mm	26=tt h':'mm':'ss	27=yyyy'ꈎ' M'ꆪ' d'ꑍ' tt h':'mm':'ss	28=M’ 'ꆪ'’d’ 'ꑍ'’	29=yyyy'ꈎ' M'ꆪ'	30=ꂵꆪꈌꈐ	31=ꂵꆪꈌꉈ	34=ꇬꑼ	35=ꑭꆏꑍ|ꆏꊂ꒔|ꆏꊂꑍ|ꆏꊂꌕ|ꆏꊂꇖ|ꆏꊂꉬ|ꆏꊂꃘ	36=ꑭꆏ|ꆏ꒔|ꆏꑍ|ꆏꌕ|ꆏꇖ|ꆏꉬ|ꆏꃘ	37=ꋍꆪ|ꑍꆪ|ꌕꆪ|ꇖꆪ|ꉬꆪ|ꃘꆪ|ꏃꆪ|ꉆꆪ|ꈬꆪ|ꊰꆪ|ꊯꊪꆪ|ꊰꑋꆪ	38=ꋍꆪ|ꑍꆪ|ꌕꆪ|ꇖꆪ|ꉬꆪ|ꃘꆪ|ꏃꆪ|ꉆꆪ|ꈬꆪ|ꊰꆪ|ꊯꊪꆪ|ꊰꑋꆪ	39=ꋍꆪ|ꑍꆪ|ꌕꆪ|ꇖꆪ|ꉬꆪ|ꃘꆪ|ꏃꆪ|ꉆꆪ|ꈬꆪ|ꊰꆪ|ꊯꊪꆪ|ꊰꑋꆪ	40=ꋍꆪ|ꑍꆪ|ꌕꆪ|ꇖꆪ|ꉬꆪ|ꃘꆪ|ꏃꆪ|ꉆꆪ|ꈬꆪ|ꊰꆪ|ꊯꊪꆪ|ꊰꑋꆪ
is	<fo	11=0	19=1	20=1	23=d.M.yyyy	30=f.h.	31=e.h.	35=sunnudagur|mánudagur|þriðjudagur|miðvikudagur|fimmtudagur|föstudagur|laugardagur	36=sun.|mán.|þri.|mið.|fim.|fös.|lau.	37=janúar|febrúar|mars|apríl|maí|júní|júlí|ágúst|september|október|nóvember|desember	38=jan.|feb.|mar.|apr.|maí|jún.|júl.|ágú.|sep.|okt.|nóv.|des.	39=janúar|febrúar|mars|apríl|maí|júní|júlí|ágúst|september|október|nóvember|desember	40=jan.|feb.|mar.|apr.|maí|jún.|júl.|ágú.|sep.|okt.|nóv.|des.
it	<ast	23=dd'/'MM'/'yyyy	24=dddd d MMMM yyyy	27=dddd d MMMM yyyy HH':'mm':'ss	29=MMMM yyyy	30=	31=	35=domenica|lunedì|martedì|mercoledì|giovedì|venerdì|sabato	36=dom|lun|mar|mer|gio|ven|sab	37=gennaio|febbraio|marzo|aprile|maggio|giugno|luglio|agosto|settembre|ottobre|novembre|dicembre	38=gen|feb|mar|apr|mag|giu|lug|ago|set|ott|nov|dic	39=gennaio|febbraio|marzo|aprile|maggio|giugno|luglio|agosto|settembre|ottobre|novembre|dicembre	40=gen|feb|mar|apr|mag|giu|lug|ago|set|ott|nov|dic
iu	<chr	19=0	20=0	23=d'/'MM'/'yyyy	24=dddd, dd MMMM, yyyy	27=dddd, dd MMMM, yyyy h':'mm':'ss tt	34=A.D.	35=Naattiinguja|Naggajjau|Aippiq|Pingatsiq|Sitammiq|Tallirmiq|Sivataarvik	36=Nat|Nag|Aip|Pi|Sit|Tal|Siv	37=Jaannuari|Viivvuari|Maatsi|Iipuri|Mai|Juuni|Julai|Aaggiisi|Sitipiri|Utupiri|Nuvipiri|Tisipiri	38=Jan|Viv|Mas|Ipu|Mai|Jun|Jul|Agi|Sii|Uut|Nuv|Tis	39=Jaannuari|Viivvuari|Maatsi|Iipuri|Mai|Juuni|Julai|Aaggiisi|Sitipiri|Utupiri|Nuvipiri|Tisipiri	40=Jan|Viv|Mas|Ipu|Mai|Jun|Jul|Agi|Sii|Uut|Nuv|Tis
ja	<ak	7=¥	11=0	24=yyyy'年'MMMMd'日'	25=H':'mm	26=H':'mm':'ss	27=yyyy'年'MMMMd'日' H':'mm':'ss	28=MMMMd'日'	29=yyyy'年'MMMM	30=午前	31=午後	34=西暦	35=日曜日|月曜日|火曜日|水曜日|木曜日|金曜日|土曜日	36=日|月|火|水|木|金|土	37=1月|2月|3月|4月|5月|6月|7月|8月|9月|10月|11月|12月	38=1|2|3|4|5|6|7|8|9|10|11|12	39=1月|2月|3月|4月|5月|6月|7月|8月|9月|10月|11月|12月	40=1|2|3|4|5|6|7|8|9|10|11|12
jgo	<eo	1=.	7=FCFA	9=.	11=0	16=.	24=dddd, yyyy MMMM dd	27=dddd, yyyy MMMM dd HH':'mm':'ss	30=mbaꞌmbaꞌ	31=ŋka mbɔ́t nji	34=CE	35=Sɔ́ndi|Mɔ́ndi|Ápta Mɔ́ndi|Wɛ́nɛsɛdɛ|Tɔ́sɛdɛ|Fɛlâyɛdɛ|Sásidɛ	36=Sɔ́ndi|Mɔ́ndi|Ápta Mɔ́ndi|Wɛ́nɛsɛdɛ|Tɔ́sɛdɛ|Fɛlâyɛdɛ|Sásidɛ	37=Nduŋmbi Saŋ|Pɛsaŋ Pɛ́pá|Pɛsaŋ Pɛ́tát|Pɛsaŋ Pɛ́nɛ́kwa|Pɛsaŋ Pataa|Pɛsaŋ Pɛ́nɛ́ntúkú|Pɛsaŋ Saambá|Pɛsaŋ Pɛ́nɛ́fɔm|Pɛsaŋ Pɛ́nɛ́pfúꞋú|Pɛsaŋ Nɛgɛ́m|Pɛsaŋ Ntsɔ̌pmɔ́|Pɛsaŋ Ntsɔ̌ppá	38=Nduŋmbi Saŋ|Pɛsaŋ Pɛ́pá|Pɛsaŋ Pɛ́tát|Pɛsaŋ Pɛ́nɛ́kwa|Pɛsaŋ Pataa|Pɛsaŋ Pɛ́nɛ́ntúkú|Pɛsaŋ Saambá|Pɛsaŋ Pɛ́nɛ́fɔm|Pɛsaŋ Pɛ́nɛ́pfúꞋú|Pɛsaŋ Nɛgɛ́m|Pɛsaŋ Ntsɔ̌pmɔ́|Pɛsaŋ Ntsɔ̌ppá	39=Nduŋmbi Saŋ|Pɛsaŋ Pɛ́pá|Pɛsaŋ Pɛ́tát|Pɛsaŋ Pɛ́nɛ́kwa|Pɛsaŋ Pataa|Pɛsaŋ Pɛ́nɛ́ntúkú|Pɛsaŋ Saambá|Pɛsaŋ Pɛ́nɛ́fɔm|Pɛsaŋ Pɛ́nɛ́pfúꞋú|Pɛsaŋ Nɛgɛ́m|Pɛsaŋ Ntsɔ̌pmɔ́|Pɛsaŋ Ntsɔ̌ppá	40=Nduŋmbi Saŋ|Pɛsaŋ Pɛ́pá|Pɛsaŋ Pɛ́tát|Pɛsaŋ Pɛ́nɛ́kwa|Pɛsaŋ Pataa|Pɛsaŋ Pɛ́nɛ́ntúkú|Pɛsaŋ Saambá|Pɛsaŋ Pɛ́nɛ́fɔm|Pɛsaŋ Pɛ́nɛ́pfúꞋú|Pɛsaŋ Nɛgɛ́m|Pɛsaŋ Ntsɔ̌pmɔ́|Pɛsaŋ Ntsɔ̌ppá
jmc	<dav	7=TSh	30=utuko	31=kyiukonyi	35=Jumapilyi|Jumatatuu|Jumanne|Jumatanu|Alhamisi|Ijumaa|Jumamosi	36=Jpi|Jtt|Jnn|Jtn|Alh|Iju|Jmo	37=Januari|Februari|Machi|Aprilyi|Mei|Junyi|Julyai|Agusti|Septemba|Oktoba|Novemba|Desemba	38=Jan|Feb|Mac|Apr|Mei|Jun|Jul|Ago|Sep|Okt|Nov|Des	39=Januari|Februari|Machi|Aprilyi|Mei|Junyi|Julyai|Agusti|Septemba|Oktoba|Novemba|Desemba	40=Jan|Feb|Mac|Apr|Mei|Jun|Jul|Ago|Sep|Okt|Nov|Des
jv	<id	11=0	24=dd MMMM yyyy	27=dd MMMM yyyy HH.mm.ss	28=dd MMMM	30=	31=	34=Sebelum Masehi	35=Minggu|Senèn|Selasa|Rebo|Kemis|Jemuwah|Setu	36=Min|Sen|Sel|Reb|Kem|Jem|Set	38=Jan|Feb|Mar|Apr|Mei|Jun|Jul|Agust|Sep|Okt|Nov|Des	40=Jan|Feb|Mar|Apr|Mei|Jun|Jul|Agust|Sep|Okt|Nov|Des
ka	<et	7=₾	24=dddd, dd MMMM, yyyy	27=dddd, dd MMMM, yyyy HH':'mm':'ss	28=d MMMM	29=MMMM, yyyy	34=ახ. წ.	35=კვირა|ორშაბათი|სამშაბათი|ოთხშაბათი|ხუთშაბათი|პარასკევი|შაბათი	36=კვი|ორშ|სამ|ოთხ|ხუთ|პარ|შაბ	37=იანვარი|თებერვალი|მარტი|აპრილი|მაისი|ივნისი|ივლისი|აგვისტო|სექტემბერი|ოქტომბერი|ნოემბერი|დეკემბერი	38=იან|თებ|მარ|აპრ|მაი|ივნ|ივლ|აგვ|სექ|ოქტ|ნოე|დეკ	39=იანვარი|თებერვალი|მარტი|აპრილი|მაისი|ივნისი|ივლისი|აგვისტო|სექტემბერი|ოქტომბერი|ნოემბერი|დეკემბერი	40=იან|თებ|მარ|აპრ|მაი|ივნ|ივლ|აგვ|სექ|ოქტ|ნოე|დეკ
kab	<agq	7=DA	11=2	25=h':'mm tt	26=h':'mm':'ss tt	27=dddd d MMMM yyyy h':'mm':'ss tt	28=d MMMM	29=MMMM yyyy	30=n tufat	31=n tmeddit	34=sld. T.Ɛ	35=Yanass|Sanass|Kraḍass|Kuẓass|Samass|Sḍisass|Sayass	36=Yan|San|Kraḍ|Kuẓ|Sam|Sḍis|Say	37=Yennayer|Fuṛar|Meɣres|Yebrir|Mayyu|Yunyu|Yulyu|Ɣuct|Ctembeṛ|Tubeṛ|Wambeṛ|Duǧembeṛ	38=Yen|Fur|Meɣ|Yeb|May|Yun|Yul|Ɣuc|Cte|Tub|Wam|Duj	39=Yennayer|Fuṛar|Meɣres|Yebrir|Mayyu|Yunyu|Yulyu|Ɣuct|Ctembeṛ|Tubeṛ|Nunembeṛ|Duǧembeṛ	40=Yen|Fur|Meɣ|Yeb|May|Yun|Yul|Ɣuc|Cte|Tub|Wam|Duj
kam	<dav	30=Ĩyakwakya	31=Ĩyawĩoo	34=IY	35=Wa kyumwa|Wa kwambĩlĩlya|Wa kelĩ|Wa katatũ|Wa kana|Wa katano|Wa thanthatũ	36=Wky|Wkw|Wkl|Wtũ|Wkn|Wtn|Wth	37=Mwai wa mbee|Mwai wa kelĩ|Mwai wa katatũ|Mwai wa kana|Mwai wa katano|Mwai wa thanthatũ|Mwai wa muonza|Mwai wa nyaanya|Mwai wa kenda|Mwai wa ĩkumi|Mwai wa ĩkumi na ĩmwe|Mwai wa ĩkumi na ilĩ	38=Mbe|Kel|Ktũ|Kan|Ktn|Tha|Moo|Nya|Knd|Ĩku|Ĩkm|Ĩkl	39=Mwai wa mbee|Mwai wa kelĩ|Mwai wa katatũ|Mwai wa kana|Mwai wa katano|Mwai wa thanthatũ|Mwai wa muonza|Mwai wa nyaanya|Mwai wa kenda|Mwai wa ĩkumi|Mwai wa ĩkumi na ĩmwe|Mwai wa ĩkumi na ilĩ	40=Mbe|Kel|Ktũ|Kan|Ktn|Tha|Moo|Nya|Knd|Ĩku|Ĩkm|Ĩkl
kde	<jmc	30=Muhi	31=Chilo	34=NY	35=Liduva lyapili|Liduva lyatatu|Liduva lyanchechi|Liduva lyannyano|Liduva lyannyano na linji|Liduva lyannyano na mavili|Liduva litandi	36=Ll2|Ll3|Ll4|Ll5|Ll6|Ll7|Ll1	37=Mwedi Ntandi|Mwedi wa Pili|Mwedi wa Tatu|Mwedi wa Nchechi|Mwedi wa Nnyano|Mwedi wa Nnyano na Umo|Mwedi wa Nnyano na Mivili|Mwedi wa Nnyano na Mitatu|Mwedi wa Nnyano na Nchechi|Mwedi wa Nnyano na Nnyano|Mwedi wa Nnyano na Nnyano na U|Mwedi wa Nnyano na Nnyano na M	39=Mwedi Ntandi|Mwedi wa Pili|Mwedi wa Tatu|Mwedi wa Nchechi|Mwedi wa Nnyano|Mwedi wa Nnyano na Umo|Mwedi wa Nnyano na Mivili|Mwedi wa Nnyano na Mitatu|Mwedi wa Nnyano na Nchechi|Mwedi wa Nnyano na Nnyano|Mwedi wa Nnyano na Nnyano na U|Mwedi wa Nnyano na Nnyano na M
kea	<dyo	7=​	8=$	11=2	24=dddd, d 'di' MMMM 'di' yyyy	27=dddd, d 'di' MMMM 'di' yyyy HH':'mm':'ss	28=d 'di' MMMM	29=MMMM 'di' yyyy	30=am	31=pm	34=DK	35=dumingu|sigunda-fera|tersa-fera|kuarta-fera|kinta-fera|sesta-fera|sabadu	36=dum|sig|ter|kua|kin|ses|sab	37=Janeru|Febreru|Marsu|Abril|Maiu|Junhu|Julhu|Agostu|Setenbru|Otubru|Nuvenbru|Dizenbru	38=Jan|Feb|Mar|Abr|Mai|Jun|Jul|Ago|Set|Otu|Nuv|Diz	39=Janeru|Febreru|Marsu|Abril|Maiu|Junhu|Julhu|Agostu|Setenbru|Otubru|Nuvenbru|Dizenbru	40=Jan|Feb|Mar|Abr|Mai|Jun|Jul|Ago|Set|Otu|Nuv|Diz
kgp	<bgc
khq	<dje	28=d MMMM	29=MMMM yyyy	30=Adduha	31=Aluula	35=Alhadi|Atini|Atalata|Alarba|Alhamiisa|Aljuma|Assabdu	36=Alh|Ati|Ata|Ala|Alm|Alj|Ass
ki	<ebu	30=Kiroko	31=Hwaĩ-inĩ	35=Kiumia|Njumatatũ|Njumaine|Njumatana|Aramithi|Njumaa|Njumamothi	36=KMA|NTT|NMN|NMT|ART|NMA|NMM	37=Njenuarĩ|Mwere wa kerĩ|Mwere wa gatatũ|Mwere wa kana|Mwere wa gatano|Mwere wa gatandatũ|Mwere wa mũgwanja|Mwere wa kanana|Mwere wa kenda|Mwere wa ikũmi|Mwere wa ikũmi na ũmwe|Ndithemba	38=JEN|WKR|WGT|WKN|WTN|WTD|WMJ|WNN|WKD|WIK|WMW|DIT	39=Njenuarĩ|Mwere wa kerĩ|Mwere wa gatatũ|Mwere wa kana|Mwere wa gatano|Mwere wa gatandatũ|Mwere wa mũgwanja|Mwere wa kanana|Mwere wa kenda|Mwere wa ikũmi|Mwere wa ikũmi na ũmwe|Ndithemba	40=JEN|WKR|WGT|WKN|WTN|WTD|WMJ|WNN|WKD|WIK|WMW|DIT
kk	<ka	7=₸	24=yyyy 'ж'. d MMMM, dddd	27=yyyy 'ж'. d MMMM, dddd HH':'mm':'ss	29=yyyy 'ж'. MMMM	34=б.з.	35=жексенбі|дүйсенбі|сейсенбі|сәрсенбі|бейсенбі|жұма|сенбі	36=жс|дс|сс|ср|бс|жм|сб	37=Қаңтар|Ақпан|Наурыз|Сәуір|Мамыр|Маусым|Шілде|Тамыз|Қыркүйек|Қазан|Қараша|Желтоқсан	38=қаң.|ақп.|нау.|сәу.|мам.|мау.|шіл.|там.|қыр.|қаз.|қар.|жел.	39=қаңтар|ақпан|наурыз|сәуір|мамыр|маусым|шілде|тамыз|қыркүйек|қазан|қараша|желтоқсан	40=қаң.|ақп.|нау.|сәу.|мам.|мау.|шіл.|там.|қыр.|қаз.|қар.|жел.
kkj	<jgo	23=dd'/'MM yyyy	24=dddd dd MMMM yyyy	27=dddd dd MMMM yyyy HH':'mm':'ss	30=AM	31=PM	32=/	35=sɔndi|lundi|mardi|mɛrkɛrɛdi|yedi|vaŋdɛrɛdi|mɔnɔ sɔndi	36=sɔndi|lundi|mardi|mɛrkɛrɛdi|yedi|vaŋdɛrɛdi|mɔnɔ sɔndi	37=pamba|wanja|mbiyɔ mɛndoŋgɔ|Nyɔlɔmbɔŋgɔ|Mɔnɔ ŋgbanja|Nyaŋgwɛ ŋgbanja|kuŋgwɛ|fɛ|njapi|nyukul|11|ɓulɓusɛ	38=pamba|wanja|mbiyɔ mɛndoŋgɔ|Nyɔlɔmbɔŋgɔ|Mɔnɔ ŋgbanja|Nyaŋgwɛ ŋgbanja|kuŋgwɛ|fɛ|njapi|nyukul|11|ɓulɓusɛ	39=pamba|wanja|mbiyɔ mɛndoŋgɔ|Nyɔlɔmbɔŋgɔ|Mɔnɔ ŋgbanja|Nyaŋgwɛ ŋgbanja|kuŋgwɛ|fɛ|njapi|nyukul|11|ɓulɓusɛ	40=pamba|wanja|mbiyɔ mɛndoŋgɔ|Nyɔlɔmbɔŋgɔ|Mɔnɔ ŋgbanja|Nyaŋgwɛ ŋgbanja|kuŋgwɛ|fɛ|njapi|nyukul|11|ɓulɓusɛ
kl	<da	10=3;0	12=0	13=12	24=MMMM d.-'at', yyyy	27=MMMM d.-'at', yyyy HH':'mm':'ss	28=MMMM d.-'at'	35=sapaat|ataasinngorneq|marlunngorneq|pingasunngorneq|sisamanngorneq|tallimanngorneq|arfininngorneq	36=sap.|at.|marl.|ping.|sis.|tall.|arf.	37=januaari|februaari|marsi|apriili|maaji|juuni|juuli|aggusti|septembari|oktobari|novembari|decembari	38=jan|feb|mar|apr|mai|jun|jul|aug|sep|okt|nov|dec	39=januaarip|februaarip|marsip|apriilip|maajip|juunip|juulip|aggustip|septembarip|oktobarip|novembarip|decembarip	40=jan|feb|mar|apr|mai|jun|jul|aug|sep|okt|nov|dec
kln	<dav	30=krn	31=koosk	34=KO	35=Kotisap|Kotaai|Koaeng’|Kosomok|Koang’wan|Komuut|Kolo	36=Kts|Kot|Koo|Kos|Koa|Kom|Kol	37=Mulgul|Ng’atyaato|Kiptaamo|Iwootkuut|Mamuut|Paagi|Ng’eiyeet|Rooptui|Bureet|Epeeso|Kipsuunde ne taai|Kipsuunde nebo aeng’	38=Mul|Ngat|Taa|Iwo|Mam|Paa|Nge|Roo|Bur|Epe|Kpt|Kpa	39=Mulgul|Ng’atyaato|Kiptaamo|Iwootkuut|Mamuut|Paagi|Ng’eiyeet|Rooptui|Bureet|Epeeso|Kipsuunde ne taai|Kipsuunde nebo aeng’	40=Mul|Ngat|Taa|Iwo|Mam|Paa|Nge|Roo|Bur|Epe|Kpt|Kpa
km	<bez	4=2	7=៛	23=dd'/'MM'/'yy	24=d MMMM yyyy	25=H':'mm	27=d MMMM yyyy HH':'mm':'ss	28=d MMMM	29='ខ'ែ MM 'ឆ'្'ន'ាំ yyyy	30=ព្រឹក	31=ល្ងាច	34=ចន្ទគតិ	35=ថ្ងៃអាទិត្យ|ថ្ងៃច័ន្ទ|ថ្ងៃអង្គារ|ថ្ងៃពុធ|ថ្ងៃព្រហស្បតិ៍|ថ្ងៃសុក្រ|ថ្ងៃសៅរ៍	36=អាទិ.|ច.|អ.|ពុ|ព្រហ.|សុ.|ស.	37=មករា|កុម្ភៈ|មិនា|មេសា|ឧសភា|មិថុនា|កក្កដា|សីហា|កញ្ញា|តុលា|វិច្ឆិកា|ធ្នូ	38=១|២|៣|៤|៥|៦|៧|៨|៩|១០|១១|១២	39=មករា|កុម្ភៈ|មិនា|មេសា|ឧសភា|មិថុនា|កក្កដា|សីហា|កញ្ញា|តុលា|វិច្ឆិកា|ធ្នូ	40=១|២|៣|៤|៥|៦|៧|៨|៩|១០|១១|១២
kn	<gu	2=3	17=3	28=MMMM d	30=ಪೂರ್ವಾಹ್ನ	31=ಅಪರಾಹ್ನ	34=A.D.	35=ಭಾನುವಾರ|ಸೋಮವಾರ|ಮಂಗಳವಾರ|ಬುಧವಾರ|ಗುರುವಾರ|ಶುಕ್ರವಾರ|ಶನಿವಾರ	36=ಭಾನು.|ಸೋಮ.|ಮಂಗಳ.|ಬುಧ.|ಗುರು.|ಶುಕ್ರ.|ಶನಿ.	37=ಜನವರಿ|ಫೆಬ್ರವರಿ|ಮಾರ್ಚ್|ಏಪ್ರೀಲ್|ಮೇ|ಜೂನ್|ಜುಲೈ|ಆಗಸ್ಟ್|ಸೆಪ್ಟಂಬರ್|ಅಕ್ಟೋಬರ್|ನವೆಂಬರ್|ಡಿಸೆಂಬರ್	38=ಜನವರಿ|ಫೆಬ್ರವರಿ|ಮಾರ್ಚ್|ಎಪ್ರಿಲ್|ಮೇ|ಜೂನ್|ಜುಲೈ|ಆಗಸ್ಟ್|ಸೆಪ್ಟಂಬರ್|ಅಕ್ಟೋಬರ್|ನವೆಂಬರ್|ಡಿಸೆಂಬರ್	39=ಜನವರಿ|ಫೆಬ್ರವರಿ|ಮಾರ್ಚ್|ಏಪ್ರೀಲ್|ಮೇ|ಜೂನ್|ಜುಲೈ|ಆಗಸ್ಟ್|ಸೆಪ್ಟಂಬರ್|ಅಕ್ಟೋಬರ್|ನವೆಂಬರ್|ಡಿಸೆಂಬರ್	40=ಜನವರಿ|ಫೆಬ್ರವರಿ|ಮಾರ್ಚ್|ಎಪ್ರಿಲ್|ಮೇ|ಜೂನ್|ಜುಲೈ|ಆಗಸ್ಟ್|ಸೆಪ್ಟಂಬರ್|ಅಕ್ಟೋಬರ್|ನವೆಂಬರ್|ಡಿಸೆಂಬರ್
ko	<ja	7=₩	23=yyyy-MM-dd	24=yyyy'년' MMMM d'일' dddd	25=tt h':'mm	26=tt h':'mm':'ss	27=yyyy'년' MMMM d'일' dddd tt h':'mm':'ss	28=MMMM d'일'	29=yyyy'년' MMMM	30=오전	31=오후	32=-	34=서기	35=일요일|월요일|화요일|수요일|목요일|금요일|토요일	36=일|월|화|수|목|금|토	37=1월|2월|3월|4월|5월|6월|7월|8월|9월|10월|11월|12월	39=1월|2월|3월|4월|5월|6월|7월|8월|9월|10월|11월|12월
kok	<hi	12=2	30=म.पू.	31=म.नं.	35=आयतार|सोमार|मंगळार|बुधवार|बिरेस्तार|सुक्रार|शेनवार	36=आय.|सोम.|मंगळ.|बुध.|बिरे.|सुक्र.|शेन.	37=जानेवारी|फेब्रुवारी|मार्च|एप्रिल|मे|जून|जुलै|ऑगस्ट|सप्टेंबर|ऑक्टोबर|नोवेम्बर|डिसेंबर	38=जाने|फेब्रु|मार्च|एप्रिल|मे|जून|जुलै|ऑग.|सप्टें.|ऑक्टो.|नोवे.|डिसें	39=जानेवारी|फेब्रुवारी|मार्च|एप्रिल|मे|जून|जुलै|ऑगस्ट|सप्टेंबर|ऑक्टोबर|नोवेम्बर|डिसेंबर	40=जाने|फेब्रु|मार्च|एप्रिल|मे|जून|जुलै|ऑग.|सप्टें.|ऑक्टो.|नोवे.|डिसें
ks	<brx	30=AM	31=PM	34=اے ڈی	35=اَتھوار|ژٔندرٕروار|بۆموار|بودوار|برؠسوار|جُمہ|بٹوار	36=آتھوار|ژٔندٕروار|بۆموار|بودوار|برؠسوار|جُمہ|بٹوار	37=جنؤری|فرؤری|مارٕچ|اپریل|میٔ|جوٗن|جوٗلایی|اگست|ستمبر|اکتوٗبر|نومبر|دسمبر	38=جنؤری|فرؤری|مارٕچ|اپریل|میٔ|جوٗن|جوٗلایی|اگست|ستمبر|اکتوٗبر|نومبر|دسمبر	39=جنؤری|فرؤری|مارٕچ|اپریل|میٔ|جوٗن|جوٗلایی|اگست|ستمبر|اکتوٗبر|نومبر|دسمبر	40=جنؤری|فرؤری|مارٕچ|اپریل|میٔ|جوٗن|جوٗلایی|اگست|ستمبر|اکتوٗبر|نومبر|دسمبر
ksb	<jmc	12=1	13=5	30=makeo	31=nyiaghuo	35=Jumaapii|Jumaatatu|Jumaane|Jumaatano|Alhamisi|Ijumaa|Jumaamosi	36=Jpi|Jtt|Jmn|Jtn|Alh|Iju|Jmo	37=Januali|Febluali|Machi|Aplili|Mei|Juni|Julai|Agosti|Septemba|Oktoba|Novemba|Desemba	39=Januali|Febluali|Machi|Aplili|Mei|Juni|Julai|Agosti|Septemba|Oktoba|Novemba|Desemba
ksf	<ewo	30=sárúwá	31=cɛɛ́nko	34=k.Y.	35=sɔ́ndǝ|lǝndí|maadí|mɛkrɛdí|jǝǝdí|júmbá|samdí	36=sɔ́n|lǝn|maa|mɛk|jǝǝ|júm|sam	37=ŋwíí a ntɔ́ntɔ|ŋwíí akǝ bɛ́ɛ|ŋwíí akǝ ráá|ŋwíí akǝ nin|ŋwíí akǝ táan|ŋwíí akǝ táafɔk|ŋwíí akǝ táabɛɛ|ŋwíí akǝ táaraa|ŋwíí akǝ táanin|ŋwíí akǝ ntɛk|ŋwíí akǝ ntɛk di bɔ́k|ŋwíí akǝ ntɛk di bɛ́ɛ	38=ŋ1|ŋ2|ŋ3|ŋ4|ŋ5|ŋ6|ŋ7|ŋ8|ŋ9|ŋ10|ŋ11|ŋ12	39=ŋwíí a ntɔ́ntɔ|ŋwíí akǝ bɛ́ɛ|ŋwíí akǝ ráá|ŋwíí akǝ nin|ŋwíí akǝ táan|ŋwíí akǝ táafɔk|ŋwíí akǝ táabɛɛ|ŋwíí akǝ táaraa|ŋwíí akǝ táanin|ŋwíí akǝ ntɛk|ŋwíí akǝ ntɛk di bɔ́k|ŋwíí akǝ ntɛk di bɛ́ɛ	40=ŋ1|ŋ2|ŋ3|ŋ4|ŋ5|ŋ6|ŋ7|ŋ8|ŋ9|ŋ10|ŋ11|ŋ12
ksh	<br	23=d. M. yyyy	24=dddd, 'dä' d. MMMM yyyy	27=dddd, 'dä' d. MMMM yyyy HH':'mm':'ss	28=d. MMMM	30=v.M.	31=n.M.	32=. 	34=n. Chr.	35=Sunndaach|Mohndaach|Dinnsdaach|Metwoch|Dunnersdaach|Friidaach|Samsdaach	36=Su.|Mo.|Di.|Me.|Du.|Fr.|Sa.	37=Jannewa|Fäbrowa|Määz|Aprell|Mai|Juuni|Juuli|Oujoß|Septämber|Oktohber|Novämber|Dezämber	38=Jan.|Fäb.|Mäz.|Apr.|Mai|Jun.|Jul.|Ouj.|Säp.|Okt.|Nov.|Dez.	39=Jannewa|Fäbrowa|Määz|Aprell|Mai|Juuni|Juuli|Oujoß|Septämber|Oktohber|Novämber|Dezämber	40=Jan.|Fäb.|Mäz.|Apr.|Mai|Jun.|Jul.|Ouj.|Säp.|Okt.|Nov.|Dez.
ku	<ckb
kw	<gv	24=dddd d MMMM yyyy	27=dddd d MMMM yyyy HH':'mm':'ss	35=dy Sul|dy Lun|dy Meurth|dy Merher|dy Yow|dy Gwener|dy Sadorn	36=Sul|Lun|Mth|Mhr|Yow|Gwe|Sad	37=mis Genver|mis Hwevrer|mis Meurth|mis Ebrel|mis Me|mis Metheven|mis Gortheren|mis Est|mis Gwynngala|mis Hedra|mis Du|mis Kevardhu	38=Gen|Hwe|Meu|Ebr|Me|Met|Gor|Est|Gwn|Hed|Du|Kev	39=mis Genver|mis Hwevrer|mis Meurth|mis Ebrel|mis Me|mis Metheven|mis Gortheren|mis Est|mis Gwynngala|mis Hedra|mis Du|mis Kevardhu	40=Gen|Hwe|Meu|Ebr|Me|Met|Gor|Est|Gwn|Hed|Du|Kev
kxv	<bgc
ky	<dyo	7=сом	11=2	24=yyyy-'ж'., d-MMMM, dddd	27=yyyy-'ж'., d-MMMM, dddd HH':'mm':'ss	28=d-MMMM	29=yyyy-'ж'., MMMM	30=тң	31=тк	34=б.з.	35=жекшемби|дүйшөмбү|шейшемби|шаршемби|бейшемби|жума|ишемби	36=жек.|дүй.|шейш.|шарш.|бейш.|жума|ишм.	37=Январь|Февраль|Март|Апрель|Май|Июнь|Июль|Август|Сентябрь|Октябрь|Ноябрь|Декабрь	38=Янв|Фев|Мар|Апр|Май|Июн|Июл|Авг|Сен|Окт|Ноя|Дек	39=январь|февраль|март|апрель|май|июнь|июль|август|сентябрь|октябрь|ноябрь|декабрь	40=Янв|Фев|Мар|Апр|Май|Июн|Июл|Авг|Сен|Окт|Ноя|Дек
lag	<asa	12=2	13=9	30=TOO	31=MUU	34=KA	35=Jumapíiri|Jumatátu|Jumaíne|Jumatáano|Alamíisi|Ijumáa|Jumamóosi	36=Píili|Táatu|Íne|Táano|Alh|Ijm|Móosi	37=Kʉfúngatɨ|Kʉnaanɨ|Kʉkeenda|Kwiikumi|Kwiinyambála|Kwiidwaata|Kʉmʉʉnchɨ|Kʉvɨɨrɨ|Kʉsaatʉ|Kwiinyi|Kʉsaano|Kʉsasatʉ	38=Fúngatɨ|Naanɨ|Keenda|Ikúmi|Inyambala|Idwaata|Mʉʉnchɨ|Vɨɨrɨ|Saatʉ|Inyi|Saano|Sasatʉ	39=Kʉfúngatɨ|Kʉnaanɨ|Kʉkeenda|Kwiikumi|Kwiinyambála|Kwiidwaata|Kʉmʉʉnchɨ|Kʉvɨɨrɨ|Kʉsaatʉ|Kwiinyi|Kʉsaano|Kʉsasatʉ	40=Fúngatɨ|Naanɨ|Keenda|Ikúmi|Inyambala|Idwaata|Mʉʉnchɨ|Vɨɨrɨ|Saatʉ|Inyi|Saano|Sasatʉ
lb	<be	7=€	24=d. MMMM yyyy	27=d. MMMM yyyy HH':'mm':'ss	28=dd. MMMM	29=MMMM yyyy	34=n. Chr.	35=Sonndeg|Méindeg|Dënschdeg|Mëttwoch|Donneschdeg|Freideg|Samschdeg	36=Son|Méi|Dën|Mët|Don|Fre|Sam	37=Januar|Februar|Mäerz|Abrëll|Mee|Juni|Juli|August|September|Oktober|November|Dezember	38=Jan|Feb|Mäe|Abr|Mee|Jun|Jul|Aug|Sep|Okt|Nov|Dez	39=Januar|Februar|Mäerz|Abrëll|Mee|Juni|Juli|August|September|Oktober|November|Dezember	40=Jan|Feb|Mäe|Abr|Mee|Jun|Jul|Aug|Sep|Okt|Nov|Dez
lg	<cgg	12=1	13=5	35=Sabbiiti|Balaza|Lwakubiri|Lwakusatu|Lwakuna|Lwakutaano|Lwamukaaga	36=Sab|Bal|Lw2|Lw3|Lw4|Lw5|Lw6	37=Janwaliyo|Febwaliyo|Marisi|Apuli|Maayi|Juuni|Julaayi|Agusito|Sebuttemba|Okitobba|Novemba|Desemba	38=Jan|Feb|Mar|Apu|Maa|Juu|Jul|Agu|Seb|Oki|Nov|Des	39=Janwaliyo|Febwaliyo|Marisi|Apuli|Maayi|Juuni|Julaayi|Agusito|Sebuttemba|Okitobba|Novemba|Desemba	40=Jan|Feb|Mar|Apu|Maa|Juu|Jul|Agu|Seb|Oki|Nov|Des
lij	<bgc
lkt	<en	12=2	13=9	29=yyyy MMMM	34=CE	35=Aŋpétuwakȟaŋ|Aŋpétuwaŋži|Aŋpétunuŋpa|Aŋpétuyamni|Aŋpétutopa|Aŋpétuzaptaŋ|Owáŋgyužažapi	36=Aŋpétuwakȟaŋ|Aŋpétuwaŋži|Aŋpétunuŋpa|Aŋpétuyamni|Aŋpétutopa|Aŋpétuzaptaŋ|Owáŋgyužažapi	37=Wiótheȟika Wí|Thiyóȟeyuŋka Wí|Ištáwičhayazaŋ Wí|Pȟežítȟo Wí|Čhaŋwápetȟo Wí|Wípazukȟa-wašté Wí|Čhaŋpȟásapa Wí|Wasútȟuŋ Wí|Čhaŋwápeǧi Wí|Čhaŋwápe-kasná Wí|Waníyetu Wí|Tȟahékapšuŋ Wí	38=Wiótheȟika Wí|Thiyóȟeyuŋka Wí|Ištáwičhayazaŋ Wí|Pȟežítȟo Wí|Čhaŋwápetȟo Wí|Wípazukȟa-wašté Wí|Čhaŋpȟásapa Wí|Wasútȟuŋ Wí|Čhaŋwápeǧi Wí|Čhaŋwápe-kasná Wí|Waníyetu Wí|Tȟahékapšuŋ Wí	39=Wiótheȟika Wí|Thiyóȟeyuŋka Wí|Ištáwičhayazaŋ Wí|Pȟežítȟo Wí|Čhaŋwápetȟo Wí|Wípazukȟa-wašté Wí|Čhaŋpȟásapa Wí|Wasútȟuŋ Wí|Čhaŋwápeǧi Wí|Čhaŋwápe-kasná Wí|Waníyetu Wí|Tȟahékapšuŋ Wí	40=Wiótheȟika Wí|Thiyóȟeyuŋka Wí|Ištáwičhayazaŋ Wí|Pȟežítȟo Wí|Čhaŋwápetȟo Wí|Wípazukȟa-wašté Wí|Čhaŋpȟásapa Wí|Wasútȟuŋ Wí|Čhaŋwápeǧi Wí|Čhaŋwápe-kasná Wí|Waníyetu Wí|Tȟahékapšuŋ Wí
lmo	<bgc
ln	<it	7=FC	23=d'/'M'/'yyyy	28=MMMM d	29=yyyy MMMM	30=ntɔ́ngɔ́	31=mpókwa	34=nsima ya Y	35=eyenga|mokɔlɔ mwa yambo|mokɔlɔ mwa míbalé|mokɔlɔ mwa mísáto|mokɔlɔ ya mínéi|mokɔlɔ ya mítáno|mpɔ́sɔ	36=eye|ybo|mbl|mst|min|mtn|mps	37=sánzá ya yambo|sánzá ya míbalé|sánzá ya mísáto|sánzá ya mínei|sánzá ya mítáno|sánzá ya motóbá|sánzá ya nsambo|sánzá ya mwambe|sánzá ya libwa|sánzá ya zómi|sánzá ya zómi na mɔ̌kɔ́|sánzá ya zómi na míbalé	38=yan|fbl|msi|apl|mai|yun|yul|agt|stb|ɔtb|nvb|dsb	39=sánzá ya yambo|sánzá ya míbalé|sánzá ya mísáto|sánzá ya mínei|sánzá ya mítáno|sánzá ya motóbá|sánzá ya nsambo|sánzá ya mwambe|sánzá ya libwa|sánzá ya zómi|sánzá ya zómi na mɔ̌kɔ́|sánzá ya zómi na míbalé	40=yan|fbl|msi|apl|mai|yun|yul|agt|stb|ɔtb|nvb|dsb
lo	<ca	7=₭	11=0	12=0	13=2	24=dddd 'ທ'ີ d MMMM 'ຄ'.'ສ'. yyyy	27=dddd 'ທ'ີ d MMMM 'ຄ'.'ສ'. yyyy H':'mm':'ss	28=MMMM d	29=MMMM yyyy	30=ກ່ອນທ່ຽງ	31=ຫຼັງທ່ຽງ	34=ຄ.ສ.	35=ວັນອາທິດ|ວັນຈັນ|ວັນອັງຄານ|ວັນພຸດ|ວັນພະຫັດ|ວັນສຸກ|ວັນເສົາ	36=ອາທິດ|ຈັນ|ອັງຄານ|ພຸດ|ພະຫັດ|ສຸກ|ເສົາ	37=ມັງກອນ|ກຸມພາ|ມີນາ|ເມສາ|ພຶດສະພາ|ມິຖຸນາ|ກໍລະກົດ|ສິງຫາ|ກັນຍາ|ຕຸລາ|ພະຈິກ|ທັນວາ	38=ມ.ກ.|ກ.ພ.|ມ.ນ.|ມ.ສ.|ພ.ພ.|ມິ.ຖ.|ກ.ລ.|ສ.ຫ.|ກ.ຍ.|ຕ.ລ.|ພ.ຈ.|ທ.ວ.	39=ມັງກອນ|ກຸມພາ|ມີນາ|ເມສາ|ພຶດສະພາ|ມິຖຸນາ|ກໍລະກົດ|ສິງຫາ|ກັນຍາ|ຕຸລາ|ພະຈິກ|ທັນວາ	40=ມ.ກ.|ກ.ພ.|ມ.ນ.|ມ.ສ.|ພ.ພ.|ມິ.ຖ.|ກ.ລ.|ສ.ຫ.|ກ.ຍ.|ຕ.ລ.|ພ.ຈ.|ທ.ວ.
lrc	<cgg	7=IRR	12=2	13=9	22=persian	28=d MMMM	29=MMMM, yyyy	34=ه.ش	35=يكشنبه|دوشنبه|سه شنبه|چهارشنبه|پنجشنبه|جمعه|شنبه	36=يكشنبه|دوشنبه|سه شنبه|چهارشنبه|پنجشنبه|جمعه|شنبه	37=فروردین|اردیبهشت|خرداد|تیر|مرداد|شهریور|مهر|آبان|آذر|دی|بهمن|اسفند	38=فروردین|اردیبهشت|خرداد|تیر|مرداد|شهریور|مهر|آبان|آذر|دی|بهمن|اسفند	39=فروردین|اردیبهشت|خرداد|تیر|مرداد|شهریور|مهر|آبان|آذر|دی|بهمن|اسفند	40=فروردین|اردیبهشت|خرداد|تیر|مرداد|شهریور|مهر|آبان|آذر|دی|بهمن|اسفند	41=yyyy MMMM d, dddd HH':'mm':'ss	42=جانڤیە|فئڤریە|مارس|آڤریل|مئی|جوٙأن|جوٙلا|آگوست|سئپتامر|ئوکتوڤر|نوڤامر|دئسامر	43=Sun|Mon|Tue|Wed|Thu|Fri|Sat
lt	<br	23=yyyy-MM-dd	24=yyyy 'm'. MMMM d 'd'., dddd	27=yyyy 'm'. MMMM d 'd'., dddd HH':'mm':'ss	28=MMMM d 'd'.	29=yyyy 'm'. MMMM	30=priešpiet	31=popiet	32=-	34=po Kr.	35=sekmadienis|pirmadienis|antradienis|trečiadienis|ketvirtadienis|penktadienis|šeštadienis	36=sk|pr|an|tr|kt|pn|št	37=sausis|vasaris|kovas|balandis|gegužė|birželis|liepa|rugpjūtis|rugsėjis|spalis|lapkritis|gruodis	38=saus.|vas.|kov.|bal.|geg.|birž.|liep.|rugp.|rugs.|spal.|lapkr.|gruod.	39=sausio|vasario|kovo|balandžio|gegužės|birželio|liepos|rugpjūčio|rugsėjo|spalio|lapkričio|gruodžio	40=saus.|vas.|kov.|bal.|geg.|birž.|liep.|rugp.|rugs.|spal.|lapkr.|gruod.
lu	<ln	12=1	13=5	30=Dinda	31=Dilolo	34=kny. Y. K.	35=Lumingu|Nkodya|Ndàayà|Ndangù|Njòwa|Ngòvya|Lubingu	36=Lum|Nko|Ndy|Ndg|Njw|Ngv|Lub	37=Ciongo|Lùishi|Lusòlo|Mùuyà|Lumùngùlù|Lufuimi|Kabàlàshìpù|Lùshìkà|Lutongolo|Lungùdi|Kaswèkèsè|Ciswà	38=Cio|Lui|Lus|Muu|Lum|Luf|Kab|Lush|Lut|Lun|Kas|Cis	39=Ciongo|Lùishi|Lusòlo|Mùuyà|Lumùngùlù|Lufuimi|Kabàlàshìpù|Lùshìkà|Lutongolo|Lungùdi|Kaswèkèsè|Ciswà	40=Cio|Lui|Lus|Muu|Lum|Luf|Kab|Lush|Lut|Lun|Kas|Cis
luo	<bez	7=Ksh	30=OD	31=OT	34=AD	35=Jumapil|Wuok Tich|Tich Ariyo|Tich Adek|Tich Ang’wen|Tich Abich|Ngeso	36=JMP|WUT|TAR|TAD|TAN|TAB|NGS	37=Dwe mar Achiel|Dwe mar Ariyo|Dwe mar Adek|Dwe mar Ang’wen|Dwe mar Abich|Dwe mar Auchiel|Dwe mar Abiriyo|Dwe mar Aboro|Dwe mar Ochiko|Dwe mar Apar|Dwe mar gi achiel|Dwe mar Apar gi ariyo	38=DAC|DAR|DAD|DAN|DAH|DAU|DAO|DAB|DOC|DAP|DGI|DAG	39=Dwe mar Achiel|Dwe mar Ariyo|Dwe mar Adek|Dwe mar Ang’wen|Dwe mar Abich|Dwe mar Auchiel|Dwe mar Abiriyo|Dwe mar Aboro|Dwe mar Ochiko|Dwe mar Apar|Dwe mar gi achiel|Dwe mar Apar gi ariyo	40=DAC|DAR|DAD|DAN|DAH|DAU|DAO|DAB|DOC|DAP|DGI|DAG
luy	<asa	7=Ksh	12=0	13=2	30=a.m.	31=p.m.	34=AD	35=Jumapiri|Jumatatu|Jumanne|Jumatano|Murwa wa Kanne|Murwa wa Katano|Jumamosi	36=J2|J3|J4|J5|Al|Ij|J1	38=Jan|Feb|Mar|Apr|Mei|Jun|Jul|Ago|Sep|Okt|Nov|Des	40=Jan|Feb|Mar|Apr|Mei|Jun|Jul|Ago|Sep|Okt|Nov|Des
lv	<et	24=dddd, yyyy. 'gada' d. MMMM	27=dddd, yyyy. 'gada' d. MMMM HH':'mm':'ss	29=yyyy. 'g'. MMMM	30=priekšp.	31=pēcp.	34=m.ē.	35=svētdiena|pirmdiena|otrdiena|trešdiena|ceturtdiena|piektdiena|sestdiena	36=svētd.|pirmd.|otrd.|trešd.|ceturtd.|piektd.|sestd.	37=janvāris|februāris|marts|aprīlis|maijs|jūnijs|jūlijs|augusts|septembris|oktobris|novembris|decembris	38=janv.|febr.|marts|apr.|maijs|jūn.|jūl.|aug.|sept.|okt.|nov.|dec.	39=janvāris|februāris|marts|aprīlis|maijs|jūnijs|jūlijs|augusts|septembris|oktobris|novembris|decembris	40=janv.|febr.|marts|apr.|maijs|jūn.|jūl.|aug.|sept.|okt.|nov.|dec.
mai	<bgc
mas	<dav	30=Ɛnkakɛnyá	31=Ɛndámâ	34=EY	35=Jumapílí|Jumatátu|Jumane|Jumatánɔ|Alaámisi|Jumáa|Jumamósi	36=Jpi|Jtt|Jnn|Jtn|Alh|Iju|Jmo	37=Oladalʉ́|Arát|Ɔɛnɨ́ɔɨŋɔk|Olodoyíóríê inkókúâ|Oloilépūnyīē inkókúâ|Kújúɔrɔk|Mórusásin|Ɔlɔ́ɨ́bɔ́rárɛ|Kúshîn|Olgísan|Pʉshʉ́ka|Ntʉ́ŋʉ́s	38=Dal|Ará|Ɔɛn|Doy|Lép|Rok|Sás|Bɔ́r|Kús|Gís|Shʉ́|Ntʉ́	39=Oladalʉ́|Arát|Ɔɛnɨ́ɔɨŋɔk|Olodoyíóríê inkókúâ|Oloilépūnyīē inkókúâ|Kújúɔrɔk|Mórusásin|Ɔlɔ́ɨ́bɔ́rárɛ|Kúshîn|Olgísan|Pʉshʉ́ka|Ntʉ́ŋʉ́s	40=Dal|Ará|Ɔɛn|Doy|Lép|Rok|Sás|Bɔ́r|Kús|Gís|Shʉ́|Ntʉ́
mer	<dav	30=RŨ	31=ŨG	34=NK	35=Kiumia|Muramuko|Wairi|Wethatu|Wena|Wetano|Jumamosi	36=KIU|MRA|WAI|WET|WEN|WTN|JUM	37=Januarĩ|Feburuarĩ|Machi|Ĩpurũ|Mĩĩ|Njuni|Njuraĩ|Agasti|Septemba|Oktũba|Novemba|Dicemba	38=JAN|FEB|MAC|ĨPU|MĨĨ|NJU|NJR|AGA|SPT|OKT|NOV|DEC	39=Januarĩ|Feburuarĩ|Machi|Ĩpurũ|Mĩĩ|Njuni|Njuraĩ|Agasti|Septemba|Oktũba|Novemba|Dicemba	40=JAN|FEB|MAC|ĨPU|MĨĨ|NJU|NJR|AGA|SPT|OKT|NOV|DEC
mfe	<khq	7=Rs	11=2	12=2	13=9	30=AM	31=PM	34=ap. Z-K	35=dimans|lindi|mardi|merkredi|zedi|vandredi|samdi	36=dim|lin|mar|mer|ze|van|sam	37=zanvie|fevriye|mars|avril|me|zin|zilye|out|septam|oktob|novam|desam	38=zan|fev|mar|avr|me|zin|zil|out|sep|okt|nov|des	39=zanvie|fevriye|mars|avril|me|zin|zilye|out|septam|oktob|novam|desam	40=zan|fev|mar|avr|me|zin|zil|out|sep|okt|nov|des
mg	<bm	7=Ar	12=2	13=9	23=yyyy-MM-dd	32=-	34=AD	35=Alahady|Alatsinainy|Talata|Alarobia|Alakamisy|Zoma|Asabotsy	36=Alah|Alats|Tal|Alar|Alak|Zom|Asab	37=Janoary|Febroary|Martsa|Aprily|Mey|Jona|Jolay|Aogositra|Septambra|Oktobra|Novambra|Desambra	38=Jan|Feb|Mar|Apr|Mey|Jon|Jol|Aog|Sep|Okt|Nov|Des	39=Janoary|Febroary|Martsa|Aprily|Mey|Jona|Jolay|Aogositra|Septambra|Oktobra|Novambra|Desambra	40=Jan|Feb|Mar|Apr|Mey|Jon|Jol|Aog|Sep|Okt|Nov|Des
mgh	<fur	7=MTn	24=dddd, d MMMM yyyy	27=dddd, d MMMM yyyy HH':'mm':'ss	28=MMMM d	29=yyyy MMMM	30=wichishu	31=mchochil’l	34=YY	35=Sabato|Jumatatu|Jumanne|Jumatano|Arahamisi|Ijumaa|Jumamosi	36=Sab|Jtt|Jnn|Jtn|Ara|Iju|Jmo	37=Mweri wo kwanza|Mweri wo unayeli|Mweri wo uneraru|Mweri wo unecheshe|Mweri wo unethanu|Mweri wo thanu na mocha|Mweri wo saba|Mweri wo nane|Mweri wo tisa|Mweri wo kumi|Mweri wo kumi na moja|Mweri wo kumi na yel’li	38=Kwa|Una|Rar|Che|Tha|Moc|Sab|Nan|Tis|Kum|Moj|Yel	39=Mweri wo kwanza|Mweri wo unayeli|Mweri wo uneraru|Mweri wo unecheshe|Mweri wo unethanu|Mweri wo thanu na mocha|Mweri wo saba|Mweri wo nane|Mweri wo tisa|Mweri wo kumi|Mweri wo kumi na moja|Mweri wo kumi na yel’li	40=Kwa|Una|Rar|Che|Tha|Moc|Sab|Nan|Tis|Kum|Moj|Yel
mgo	<mg	7=FCFA	24=dddd, yyyy MMMM dd	27=dddd, yyyy MMMM dd HH':'mm':'ss	28=MMMM d	29=yyyy MMMM	34=CE	35=Aneg 1|Aneg 2|Aneg 3|Aneg 4|Aneg 5|Aneg 6|Aneg 7	36=Aneg 1|Aneg 2|Aneg 3|Aneg 4|Aneg 5|Aneg 6|Aneg 7	37=iməg mbegtug|imeg àbùbì|imeg mbəŋchubi|iməg ngwə̀t|iməg fog|iməg ichiibɔd|iməg àdùmbə̀ŋ|iməg ichika|iməg kud|iməg tèsiʼe|iməg zò|iməg krizmed	38=mbegtug|imeg àbùbì|imeg mbəŋchubi|iməg ngwə̀t|iməg fog|iməg ichiibɔd|iməg àdùmbə̀ŋ|iməg ichika|iməg kud|iməg tèsiʼe|iməg zò|iməg krizmed	39=iməg mbegtug|imeg àbùbì|imeg mbəŋchubi|iməg ngwə̀t|iməg fog|iməg ichiibɔd|iməg àdùmbə̀ŋ|iməg ichika|iməg kud|iməg tèsiʼe|iməg zò|iməg krizmed	40=mbegtug|imeg àbùbì|imeg mbəŋchubi|iməg ngwə̀t|iməg fog|iməg ichiibɔd|iməg àdùmbə̀ŋ|iməg ichika|iməg kud|iməg tèsiʼe|iməg zò|iməg krizmed
mi	<iu	19=2	20=2	23=dd'/'MM'/'yyyy	28=d MMMM	29=MMMM, yy	30=a.m.	31=p.m.	35=Rātapu|Rāhina|Rātū|Rāapa|Rāpare|Rāmere|Rāhoroi	36=Ta|Hi|Tū|Apa|Pa|Me|Ho	37=Kohitātea|Huitanguru|Poutūterangi|Paengawhāwhā|Haratua|Pipiri|Hōngongoi|Hereturikōkā|Mahuru|Whiringa ā-nuku|Whiringa ā-rangi|Hakihea	38=Kohi|Hui|Pou|Pae|Hara|Pipi|Hōngo|Here|Mahu|Nuku|Rangi|Haki	39=Kohitātea|Huitanguru|Poutūterangi|Paengawhāwhā|Haratua|Pipiri|Hōngongoi|Hereturikōkā|Mahuru|Whiringa ā-nuku|Whiringa ā-rangi|Hakihea	40=Kohi|Hui|Pou|Pae|Hara|Pipi|Hōngo|Here|Mahu|Nuku|Rangi|Haki
mk	<az	7=ден	23=dd.M.yyyy	24=dddd, dd MMMM yyyy	27=dddd, dd MMMM yyyy HH':'mm':'ss	29=MMMM yyyy 'г'.	30=претпл.	31=попл.	34=н.е.	35=недела|понеделник|вторник|среда|четврток|петок|сабота	36=нед.|пон.|вт.|сре.|чет.|пет.|саб.	37=јануари|февруари|март|април|мај|јуни|јули|август|септември|октомври|ноември|декември	38=јан.|фев.|мар.|апр.|мај|јун.|јул.|авг.|септ.|окт.|ноем.|дек.	39=јануари|февруари|март|април|мај|јуни|јули|август|септември|октомври|ноември|декември	40=јан.|фев.|мар.|апр.|мај|јун.|јул.|авг.|септ.|окт.|ноем.|дек.
ml	<haw	2=3;2	7=₹	17=3;2	24=yyyy, MMMM d, dddd	27=yyyy, MMMM d, dddd h':'mm':'ss tt	34=എഡി	35=ഞായറാഴ്‌ച|തിങ്കളാഴ്‌ച|ചൊവ്വാഴ്ച|ബുധനാഴ്‌ച|വ്യാഴാഴ്‌ച|വെള്ളിയാഴ്‌ച|ശനിയാഴ്‌ച	36=ഞായർ|തിങ്കൾ|ചൊവ്വ|ബുധൻ|വ്യാഴം|വെള്ളി|ശനി	37=ജനുവരി|ഫെബ്രുവരി|മാർച്ച്|ഏപ്രിൽ|മേയ്|ജൂൺ|ജൂലൈ|ഓഗസ്റ്റ്|സെപ്റ്റംബർ|ഒക്‌ടോബർ|നവംബർ|ഡിസംബർ	38=ജനു|ഫെബ്രു|മാർ|ഏപ്രി|മേയ്|ജൂൺ|ജൂലൈ|ഓഗ|സെപ്റ്റം|ഒക്ടോ|നവം|ഡിസം	39=ജനുവരി|ഫെബ്രുവരി|മാർച്ച്|ഏപ്രിൽ|മേയ്|ജൂൺ|ജൂലൈ|ഓഗസ്റ്റ്|സെപ്റ്റംബർ|ഒക്‌ടോബർ|നവംബർ|ഡിസംബർ	40=ജനു|ഫെബ്രു|മാർ|ഏപ്രി|മേയ്|ജൂൺ|ജൂലൈ|ഓഗ|സെപ്റ്റം|ഒക്ടോ|നവം|ഡിസം
mn	<ha	7=₮	23=yyyy.MM.dd	24=yyyy.MM.dd, dddd	27=yyyy.MM.dd, dddd HH':'mm':'ss	28=MMMM'ын' d	29=yyyy 'оны' MMMM	30=ү.ө.	31=ү.х.	32=.	34=МЭ	35=ням|даваа|мягмар|лхагва|пүрэв|баасан|бямба	36=Ня|Да|Мя|Лх|Пү|Ба|Бя	37=Нэгдүгээр сар|Хоёрдугаар сар|Гуравдугаар сар|Дөрөвдүгээр сар|Тавдугаар сар|Зургаадугаар сар|Долоодугаар сар|Наймдугаар сар|Есдүгээр сар|Аравдугаар сар|Арван нэгдүгээр сар|Арван хоёрдугаар сар	38=1-р сар|2-р сар|3-р сар|4-р сар|5-р сар|6-р сар|7-р сар|8-р сар|9-р сар|10-р сар|11-р сар|12-р сар	39=нэгдүгээр сар|хоёрдугаар сар|гуравдугаар сар|дөрөвдүгээр сар|тавдугаар сар|зургаадугаар сар|долоодугаар сар|наймдугаар сар|есдүгээр сар|аравдугаар сар|арван нэгдүгээр сар|арван хоёрдугаар сар	40=1-р сар|2-р сар|3-р сар|4-р сар|5-р сар|6-р сар|7-р сар|8-р сар|9-р сар|10-р сар|11-р сар|12-р сар
mni	<ga	7=₹	24=dd MMMM yyyy	27=dd MMMM yyyy HH':'mm':'ss	30=	31=	34=A.D.	35=নোংমাইজিং|নিংথৌকাঃবা|লৈঃপাক পোকপা|য়ুমশা কৈশা|সগোনসেল|ইরাই|থাংজা	36=নোংমাইজিং|নিংথৌকাঃবা|লৈঃপাক পোকপা|য়ুমশা কৈশা|সগোনসেল|ইরাই|থাংজা	37=ৱাকিচঙ|লাঘাফাইরেল|লমদা|সজিবু|কালেন্|ইঙাঃ|ইঙেন|থৱান|লাংবন|মেরাঃ|হাগৈঃ|পোইনু	38=ৱাকিচঙ|লাঘাফাইরেল|লমদা|সজিবু|কালেন্|ইঙাঃ|ইঙেন|থৱান|লাংবন|মেরাঃ|হাগৈঃ|পোইনু	39=ৱাকিচঙ|লাঘাফাইরেল|লমদা|সজিবু|কালেন্|ইঙাঃ|ইঙেন|থৱান|লাংবন|মেরাঃ|হাগৈঃ|পোইনু	40=ৱাকিচঙ|লাঘাফাইরেল|লমদা|সজিবু|কালেন্|ইঙাঃ|ইঙেন|থৱান|লাংবন|মেরাঃ|হাগৈঃ|পোইনু
mr	<kok	8=`	12=0	35=रविवार|सोमवार|मंगळवार|बुधवार|गुरुवार|शुक्रवार|शनिवार	36=रवि.|सोम.|मंगळ.|बुध.|गुरु.|शुक्र.|शनि.	37=जानेवारी|फेब्रुवारी|मार्च|एप्रिल|मे|जून|जुलै|ऑगस्ट|सप्टेंबर|ऑक्टोबर|नोव्हेंबर|डिसेंबर	38=जाने.|फेब्रु.|मार्च|एप्रि|मे|जून|जुलै|ऑग.|सप्टें.|ऑक्टो.|नोव्हें.|डिसें.	39=जानेवारी|फेब्रुवारी|मार्च|एप्रिल|मे|जून|जुलै|ऑगस्ट|सप्टेंबर|ऑक्टोबर|नोव्हेंबर|डिसेंबर	40=जाने.|फेब्रु.|मार्च|एप्रि|मे|जून|जुलै|ऑग.|सप्टें.|ऑक्टो.|नोव्हें.|डिसें.
ms	<bem	7=RM	23=d'/'MM'/'yyyy	28=d MMMM	30=PG	31=PTG	34=TM	35=Ahad|Isnin|Selasa|Rabu|Khamis|Jumaat|Sabtu	36=Ahd|Isn|Sel|Rab|Kha|Jum|Sab	37=Januari|Februari|Mac|April|Mei|Jun|Julai|Ogos|September|Oktober|November|Disember	38=Jan|Feb|Mac|Apr|Mei|Jun|Jul|Ogo|Sep|Okt|Nov|Dis	39=Januari|Februari|Mac|April|Mei|Jun|Julai|Ogos|September|Oktober|November|Disember	40=Jan|Feb|Mac|Apr|Mei|Jun|Jul|Ogo|Sep|Okt|Nov|Dis
mt	<cgg	7=€	11=2	24=dddd, d 'ta'’ MMMM yyyy	27=dddd, d 'ta'’ MMMM yyyy HH':'mm':'ss	28=d 'ta'’ MMMM	34=WK	35=Il-Ħadd|It-Tnejn|It-Tlieta|L-Erbgħa|Il-Ħamis|Il-Ġimgħa|Is-Sibt	36=Ħad|Tne|Tli|Erb|Ħam|Ġim|Sib	37=Jannar|Frar|Marzu|April|Mejju|Ġunju|Lulju|Awwissu|Settembru|Ottubru|Novembru|Diċembru	38=Jan|Fra|Mar|Apr|Mej|Ġun|Lul|Aww|Set|Ott|Nov|Diċ	39=Jannar|Frar|Marzu|April|Mejju|Ġunju|Lulju|Awwissu|Settembru|Ottubru|Novembru|Diċembru	40=Jan|Fra|Mar|Apr|Mej|Ġun|Lul|Aww|Set|Ott|Nov|Diċ
mua	<ln	7=FCFA	11=0	12=0	13=1	30=comme	31=lilli	34=PK	35=Com’yakke|Comlaaɗii|Comzyiiɗii|Comkolle|Comkaldǝɓlii|Comgaisuu|Comzyeɓsuu	36=Cya|Cla|Czi|Cko|Cka|Cga|Cze	37=Fĩi Loo|Cokcwaklaŋne|Cokcwaklii|Fĩi Marfoo|Madǝǝuutǝbijaŋ|Mamǝŋgwãafahbii|Mamǝŋgwãalii|Madǝmbii|Fĩi Dǝɓlii|Fĩi Mundaŋ|Fĩi Gwahlle|Fĩi Yuru	38=FLO|CLA|CKI|FMF|MAD|MBI|MLI|MAM|FDE|FMU|FGW|FYU	39=Fĩi Loo|Cokcwaklaŋne|Cokcwaklii|Fĩi Marfoo|Madǝǝuutǝbijaŋ|Mamǝŋgwãafahbii|Mamǝŋgwãalii|Madǝmbii|Fĩi Dǝɓlii|Fĩi Mundaŋ|Fĩi Gwahlle|Fĩi Yuru	40=FLO|CLA|CKI|FMF|MAD|MBI|MLI|MAM|FDE|FMU|FGW|FYU
my	<mgo	7=K	12=3	13=8	23=dd-MM-yyyy	24=yyyy၊ MMMM d၊ dddd	25=H':'mm	27=yyyy၊ MMMM d၊ dddd HH':'mm':'ss	30=နံနက်	31=ညနေ	34=အဒေီ	35=တနင်္ဂနွေ|တနင်္လာ|အင်္ဂါ|ဗုဒ္ဓဟူး|ကြာသပတေး|သောကြာ|စနေ	36=တနင်္ဂနွေ|တနင်္လာ|အင်္ဂါ|ဗုဒ္ဓဟူး|ကြာသပတေး|သောကြာ|စနေ	37=ဇန်နဝါရီ|ဖေဖော်ဝါရီ|မတ်|ဧပြီ|မေ|ဇွန်|ဇူလိုင်|ဩဂုတ်|စက်တင်ဘာ|အောက်တိုဘာ|နိုဝင်ဘာ|ဒီဇင်ဘာ	38=ဇန်|ဖေ|မတ်|ဧ|မေ|ဇွန်|ဇူ|ဩ|စက်|အောက်|နို|ဒီ	39=ဇန်နဝါရီ|ဖေဖော်ဝါရီ|မတ်|ဧပြီ|မေ|ဇွန်|ဇူလိုင်|ဩဂုတ်|စက်တင်ဘာ|အောက်တိုဘာ|နိုဝင်ဘာ|ဒီဇင်ဘာ	40=ဇန်|ဖေ|မတ်|ဧ|မေ|ဇွန်|ဇူ|ဩ|စက်|အောက်|နို|ဒီ
mzn	<lrc	41=yyyy MMMM d, dddd HH':'mm':'ss	42=ژانویه|فوریه|مارس|آوریل|مه|ژوئن|ژوئیه|اوت|سپتامبر|اکتبر|نوامبر|دسامبر	43=Sun|Mon|Tue|Wed|Thu|Fri|Sat
naq	<bem	7=$	30=ǁgoagas	31=ǃuias	35=Sontaxtsees|Mantaxtsees|Denstaxtsees|Wunstaxtsees|Dondertaxtsees|Fraitaxtsees|Satertaxtsees	36=Son|Ma|De|Wu|Do|Fr|Sat	37=ǃKhanni|ǃKhanǀgôab|ǀKhuuǁkhâb|ǃHôaǂkhaib|ǃKhaitsâb|Gamaǀaeb|ǂKhoesaob|Aoǁkhuumûǁkhâb|Taraǀkhuumûǁkhâb|ǂNûǁnâiseb|ǀHooǂgaeb|Hôasoreǁkhâb	38=Jan|Feb|Mar|Apr|May|Jun|Jul|Aug|Sep|Oct|Nov|Dec	39=ǃKhanni|ǃKhanǀgôab|ǀKhuuǁkhâb|ǃHôaǂkhaib|ǃKhaitsâb|Gamaǀaeb|ǂKhoesaob|Aoǁkhuumûǁkhâb|Taraǀkhuumûǁkhâb|ǂNûǁnâiseb|ǀHooǂgaeb|Hôasoreǁkhâb	40=Jan|Feb|Mar|Apr|May|Jun|Jul|Aug|Sep|Oct|Nov|Dec
nb	<fo	1= 	9= 	12=2	13=9	16= 	24=dddd d. MMMM yyyy	27=dddd d. MMMM yyyy HH':'mm':'ss	30=a.m.	31=p.m.	35=søndag|mandag|tirsdag|onsdag|torsdag|fredag|lørdag	36=søn.|man.|tir.|ons.|tor.|fre.|lør.	37=januar|februar|mars|april|mai|juni|juli|august|september|oktober|november|desember	39=januar|februar|mars|april|mai|juni|juli|august|september|oktober|november|desember
nd	<cgg	7=$	11=2	35=Sonto|Mvulo|Sibili|Sithathu|Sine|Sihlanu|Mgqibelo	36=Son|Mvu|Sib|Sit|Sin|Sih|Mgq	37=Zibandlela|Nhlolanja|Mbimbitho|Mabasa|Nkwenkwezi|Nhlangula|Ntulikazi|Ncwabakazi|Mpandula|Mfumfu|Lwezi|Mpalakazi	38=Zib|Nhlo|Mbi|Mab|Nkw|Nhla|Ntu|Ncw|Mpan|Mfu|Lwe|Mpal	39=Zibandlela|Nhlolanja|Mbimbitho|Mabasa|Nkwenkwezi|Nhlangula|Ntulikazi|Ncwabakazi|Mpandula|Mfumfu|Lwezi|Mpalakazi	40=Zib|Nhlo|Mbi|Mab|Nkw|Nhla|Ntu|Ncw|Mpan|Mfu|Lwe|Mpal
nds	<hsb	23=d.MM.yyyy	24=dddd, 'de' d. MMMM yyyy	25='Kl'. H.mm	26='Klock' H.mm.ss	27=dddd, 'de' d. MMMM yyyy 'Klock' H.mm.ss	30=vm	31=nm	33=.	34=n.Chr.	35=Sünndag|Maandag|Dingsdag|Middeweken|Dunnersdag|Freedag|Sünnavend	36=Sü.|Ma.|Di.|Mi.|Du.|Fr.|Sa.	37=Januaar|Februaar|März|April|Mai|Juni|Juli|August|September|Oktover|November|Dezember	38=Jan.|Feb.|März|Apr.|Mai|Juni|Juli|Aug.|Sep.|Okt.|Nov.|Dez.	39=Januaar|Februaar|März|April|Mai|Juni|Juli|August|September|Oktover|November|Dezember	40=Jan.|Feb.|März|Apr.|Mai|Juni|Juli|Aug.|Sep.|Okt.|Nov.|Dez.
ne	<lkt	7=रु	24=dddd, MMMM dd, yyyy	27=dddd, MMMM dd, yyyy h':'mm':'ss tt	28=dd MMMM	29=MMMM,yyyy	30=पूर्वाह्न	31=अपराह्न	34=a.d.	35=आइतवार|सोमवार|मङ्गलवार|बुधवार|बिहीवार|शुक्रवार|शनिवार	36=आइत|सोम|मङ्गल|बुध|बिही|शुक्र|शनि	37=जनवरी|फेब्रुअरी|मार्च|अप्रिल|मे|जून|जुलाई|अगस्त|सेप्टेम्बर|अक्टोबर|नोभेम्बर|डिसेम्बर	38=जन|फेब|मार्च|अप्रिल|मे|जून|जुलाई|अग|सेप्ट|अक्ट|नोभ|डिस	39=जनवरी|फेब्रुअरी|मार्च|अप्रिल|मे|जून|जुलाई|अगस्त|सेप्टेम्बर|अक्टोबर|नोभेम्बर|डिसेम्बर	40=जन|फेब|मार्च|अप्रिल|मे|जून|जुलाई|अग|सेप्ट|अक्ट|नोभ|डिस
nl	<fy	13=12	23=d-M-yyyy	30=	31=	34=n.Chr.	35=zondag|maandag|dinsdag|woensdag|donderdag|vrijdag|zaterdag	36=zo|ma|di|wo|do|vr|za	37=januari|februari|maart|april|mei|juni|juli|augustus|september|oktober|november|december	38=jan|feb|mrt|apr|mei|jun|jul|aug|sep|okt|nov|dec	39=januari|februari|maart|april|mei|juni|juli|augustus|september|oktober|november|december	40=jan|feb|mrt|apr|mei|jun|jul|aug|sep|okt|nov|dec
nmg	<ewo	30=maná	31=kugú	34=PB	35=sɔ́ndɔ|mɔ́ndɔ|sɔ́ndɔ mafú mába|sɔ́ndɔ mafú málal|sɔ́ndɔ mafú mána|mabágá má sukul|sásadi	36=sɔ́n|mɔ́n|smb|sml|smn|mbs|sas	37=ngwɛn matáhra|ngwɛn ńmba|ngwɛn ńlal|ngwɛn ńna|ngwɛn ńtan|ngwɛn ńtuó|ngwɛn hɛmbuɛrí|ngwɛn lɔmbi|ngwɛn rɛbvuâ|ngwɛn wum|ngwɛn wum navǔr|krísimin	38=ng1|ng2|ng3|ng4|ng5|ng6|ng7|ng8|ng9|ng10|ng11|kris	39=ngwɛn matáhra|ngwɛn ńmba|ngwɛn ńlal|ngwɛn ńna|ngwɛn ńtan|ngwɛn ńtuó|ngwɛn hɛmbuɛrí|ngwɛn lɔmbi|ngwɛn rɛbvuâ|ngwɛn wum|ngwɛn wum navǔr|krísimin	40=ng1|ng2|ng3|ng4|ng5|ng6|ng7|ng8|ng9|ng10|ng11|kris
nn	<nb	12=3	13=8	30=f.m.	31=e.m.	35=søndag|måndag|tysdag|onsdag|torsdag|fredag|laurdag	36=sø.|må.|ty.|on.|to.|fr.|la.
nnh	<kkj	23=dd'/'MM'/'yyyy	24=dddd , 'lyɛ'̌'ʼ' d 'na' MMMM, yyyy	27=dddd , 'lyɛ'̌'ʼ' d 'na' MMMM, yyyy HH':'mm':'ss	30=mbaʼámbaʼ	31=ncwònzém	34=m.g.n.Y.	35=lyɛʼɛ́ sẅíŋtè|mvfò lyɛ̌ʼ|mbɔ́ɔntè mvfò lyɛ̌ʼ|tsètsɛ̀ɛ lyɛ̌ʼ|mbɔ́ɔntè tsetsɛ̀ɛ lyɛ̌ʼ|mvfò màga lyɛ̌ʼ|màga lyɛ̌ʼ	36=lyɛʼɛ́ sẅíŋtè|mvfò lyɛ̌ʼ|mbɔ́ɔntè mvfò lyɛ̌ʼ|tsètsɛ̀ɛ lyɛ̌ʼ|mbɔ́ɔntè tsetsɛ̀ɛ lyɛ̌ʼ|mvfò màga lyɛ̌ʼ|màga lyɛ̌ʼ	37=saŋ tsetsɛ̀ɛ lùm|saŋ kàg ngwóŋ|saŋ lepyè shúm|saŋ cÿó|saŋ tsɛ̀ɛ cÿó|saŋ njÿoláʼ|saŋ tyɛ̀b tyɛ̀b mbʉ̀ŋ|saŋ mbʉ̀ŋ|saŋ ngwɔ̀ʼ mbÿɛ|saŋ tàŋa tsetsáʼ|saŋ mejwoŋó|saŋ lùm	38=saŋ tsetsɛ̀ɛ lùm|saŋ kàg ngwóŋ|saŋ lepyè shúm|saŋ cÿó|saŋ tsɛ̀ɛ cÿó|saŋ njÿoláʼ|saŋ tyɛ̀b tyɛ̀b mbʉ̀ŋ|saŋ mbʉ̀ŋ|saŋ ngwɔ̀ʼ mbÿɛ|saŋ tàŋa tsetsáʼ|saŋ mejwoŋó|saŋ lùm	39=saŋ tsetsɛ̀ɛ lùm|saŋ kàg ngwóŋ|saŋ lepyè shúm|saŋ cÿó|saŋ tsɛ̀ɛ cÿó|saŋ njÿoláʼ|saŋ tyɛ̀b tyɛ̀b mbʉ̀ŋ|saŋ mbʉ̀ŋ|saŋ ngwɔ̀ʼ mbÿɛ|saŋ tàŋa tsetsáʼ|saŋ mejwoŋó|saŋ lùm	40=saŋ tsetsɛ̀ɛ lùm|saŋ kàg ngwóŋ|saŋ lepyè shúm|saŋ cÿó|saŋ tsɛ̀ɛ cÿó|saŋ njÿoláʼ|saŋ tyɛ̀b tyɛ̀b mbʉ̀ŋ|saŋ mbʉ̀ŋ|saŋ ngwɔ̀ʼ mbÿɛ|saŋ tàŋa tsetsáʼ|saŋ mejwoŋó|saŋ lùm
no	<nb
nqo	<mi	3=3	4=3	7=ߖߕ.	12=2	13=13	18=3	20=3	24=dddd, MMMM dd, yyyy	25=tt hh':'mm	26=tt hh':'mm':'ss	27=dddd, MMMM dd, yyyy tt hh':'mm':'ss	28=MMMM 'ߕߟߋ'߬ dd	29=MMMM, yyyy	30=ߛ	31=ߥ	35=ߞߊ߯ߙߌ|ߞߐ߬ߓߊ߬ߟߏ߲|ߞߐ߬ߟߏ߲|ߞߎߣߎ߲ߟߏ߲|ߓߌߟߏ߲|ߛߌ߬ߣߌ߲߬ߟߏ߲|ߞߍ߲ߘߍߟߏ߲	36=ߞߊ߯ߙ|ߞߐ߬ߓ|ߞߐ߬ߟ|ߞߎߣ|ߓߌߟ|ߛߌ߬ߣ|ߞߍ߲ߘ	37=ߓߌ߲ߠߊߥߎߟߋ߲|ߞߏ߲ߞߏߜߍ|ߕߙߊߓߊ|ߞߏ߲ߞߏߘߌ߬ߓߌ|ߘߓߊ߬ߕߊ|ߥߊ߬ߛߌߥߊ߬ߙߊ|ߞߊ߬ߙߌߝߐ߭|ߘߓߊ߬ߓߌߟߊ|ߕߎߟߊߝߌ߲|ߞߏ߲ߓߌߕߌ߮|ߣߍߣߍߓߊ|ߞߏ߬ߟߌ߲߬ߞߏߟߌ߲	38=ߓߌ߲ߠ|ߞߏ߲ߞ|ߕߙߊ|ߞߏ߲ߘ|ߘߓߕ|ߥߊ߬ߛ|ߞߊ߬ߙ|ߘߓߊ߬|ߕߎߟ|ߞߏ߲ߓ|ߣߍߣ|ߞߏ߬ߟ	39=ߓߌ߲ߠߊߥߎߟߋ߲|ߞߏ߲ߞߏߜߍ|ߕߙߊߓߊ|ߞߏ߲ߞߏߘߌ߬ߓߌ|ߘߓߊ߬ߕߊ|ߥߊ߬ߛߌߥߊ߬ߙߊ|ߞߊ߬ߙߌߝߐ߭|ߘߓߊ߬ߓߌߟߊ|ߕߎߟߊߝߌ߲|ߞߏ߲ߓߌߕߌ߮|ߣߍߣߍߓߊ|ߞߏ߬ߟߌ߲߬ߞߏߟߌ߲	40=ߓߌ߲ߠ|ߞߏ߲ߞ|ߕߙߊ|ߞߏ߲ߘ|ߘߓߕ|ߥߊ߬ߛ|ߞߊ߬ߙ|ߘߓߊ߬|ߕߎߟ|ߞߏ߲ߓ|ߣߍߣ|ߞߏ߬ߟ
nus	<haw	7=£	23=d'/'MM'/'yyyy	24=dddd d MMMM yyyy	27=dddd d MMMM yyyy h':'mm':'ss tt	30=RW	31=TŊ	34=ƐY	35=Cäŋ kuɔth|Jiec la̱t|Rɛw lätni|Diɔ̱k lätni|Ŋuaan lätni|Dhieec lätni|Bäkɛl lätni	36=Cäŋ|Jiec|Rɛw|Diɔ̱k|Ŋuaan|Dhieec|Bäkɛl	37=Tiop thar pɛt|Pɛt|Duɔ̱ɔ̱ŋ|Guak|Duät|Kornyoot|Pay yie̱tni|Tho̱o̱r|Tɛɛr|Laath|Kur|Tio̱p in di̱i̱t	38=Tiop|Pɛt|Duɔ̱ɔ̱|Guak|Duä|Kor|Pay|Thoo|Tɛɛ|Laa|Kur|Tid	39=Tiop thar pɛt|Pɛt|Duɔ̱ɔ̱ŋ|Guak|Duät|Kornyoot|Pay yie̱tni|Tho̱o̱r|Tɛɛr|Laath|Kur|Tio̱p in di̱i̱t	40=Tiop|Pɛt|Duɔ̱ɔ̱|Guak|Duä|Kor|Pay|Thoo|Tɛɛ|Laa|Kur|Tid
nyn	<cgg
oc	<ast	1= 	9= 	16= 	23=dd'/'MM'/'yyyy	24=dddd d MMMM 'de' yyyy	25=HH 'h' mm	26=HH.mm.ss	27=dddd d MMMM 'de' yyyy HH.mm.ss	33=.	34=Après Jèsus Crist	35=dimenge|diluns|dimarts|dimècres|dijòus|divendres|dissabte	36=dg.|dl.|dma.|dmc.|dj.|dv.|ds.	37=genièr|febrièr|març|abril|mai|junh|julhet|agost|setembre|octobre|novembre|decembre	38=gen.|feb.|març|abr.|mai|junh|julh|ag.|set.|oct.|nov.|dec.	39=de genièr|de febrièr|de març|d'abril|de mai|de junh|de julhet|d'agost|de setembre|d'octobre|de novembre|de decembre	40=gen.|feb.|març|abr.|mai|junh|julh|ag.|set.|oct.|nov.|dec.
om	<ceb	7=Br	23=dd'/'MM'/'yyyy	30=WD	31=WB	34=CE	35=Dilbata|Wiixata|Qibxata|Roobii|Kamiisa|Jimaata|Sanbata	36=Dil|Wix|Qib|Rob|Kam|Jim|San	37=Amajjii|Guraandhala|Bitooteessa|Elba|Caamsa|Waxabajjii|Adooleessa|Hagayya|Fuulbana|Onkololeessa|Sadaasa|Muddee	38=Ama|Gur|Bit|Elb|Cam|Wax|Ado|Hag|Ful|Onk|Sad|Mud	39=Amajjii|Guraandhala|Bitooteessa|Elba|Caamsa|Waxabajjii|Adooleessa|Hagayya|Fuulbana|Onkololeessa|Sadaasa|Muddee	40=Ama|Gur|Bit|Elb|Cam|Wax|Ado|Hag|Ful|Onk|Sad|Mud
or	<gu	12=2	30=AM	31=PM	34=ଖ୍ରୀଷ୍ଟାବ୍ଦ	35=ରବିବାର|ସୋମବାର|ମଙ୍ଗଳବାର|ବୁଧବାର|ଗୁରୁବାର|ଶୁକ୍ରବାର|ଶନିବାର	36=ରବି.|ସୋମ.|ମଙ୍ଗଳ.|ବୁଧ.|ଗୁରୁ.|ଶୁକ୍ର.|ଶନି.	37=ଜାନୁୟାରୀ|ଫେବୃଆରୀ|ମାର୍ଚ୍ଚ|ଏପ୍ରିଲ୍‌|ମେ|ଜୁନ୍‌|ଜୁଲାଇ|ଅଗଷ୍ଟ|ସେପ୍ଟେମ୍ବର|ଅକ୍ଟୋବର|ନଭେମ୍ବର|ଡିସେମ୍ବର	38=ଜାନୁୟାରୀ|ଫେବୃଆରୀ|ମାର୍ଚ୍ଚ|ଏପ୍ରିଲ୍‌|ମେ|ଜୁନ୍‌|ଜୁଲାଇ|ଅଗଷ୍ଟ|ସେପ୍ଟେମ୍ବର|ଅକ୍ଟୋବର|ନଭେମ୍ବର|ଡିସେମ୍ବର	39=ଜାନୁୟାରୀ|ଫେବୃଆରୀ|ମାର୍ଚ୍ଚ|ଏପ୍ରିଲ୍‌|ମେ|ଜୁନ୍‌|ଜୁଲାଇ|ଅଗଷ୍ଟ|ସେପ୍ଟେମ୍ବର|ଅକ୍ଟୋବର|ନଭେମ୍ବର|ଡିସେମ୍ବର	40=ଜାନୁୟାରୀ|ଫେବୃଆରୀ|ମାର୍ଚ୍ଚ|ଏପ୍ରିଲ୍‌|ମେ|ଜୁନ୍‌|ଜୁଲାଇ|ଅଗଷ୍ଟ|ସେପ୍ଟେମ୍ବର|ଅକ୍ଟୋବର|ନଭେମ୍ବର|ଡିସେମ୍ବର
os	<ka	12=2	13=9	24=dddd, d MMMM, yyyy 'аз'	27=dddd, d MMMM, yyyy 'аз' HH':'mm':'ss	28=MMMM d	29=yyyy MMMM	34=н.д.	35=хуыцаубон|къуырисӕр|дыццӕг|ӕртыццӕг|цыппӕрӕм|майрӕмбон|сабат	36=хцб|крс|дцг|ӕрт|цпр|мрб|сбт	37=Январь|Февраль|Мартъи|Апрель|Май|Июнь|Июль|Август|Сентябрь|Октябрь|Ноябрь|Декабрь	38=Янв.|Февр.|Март.|Апр.|Май|Июнь|Июль|Авг.|Сент.|Окт.|Нояб.|Дек.	39=январы|февралы|мартъийы|апрелы|майы|июны|июлы|августы|сентябры|октябры|ноябры|декабры	40=Янв.|Февр.|Март.|Апр.|Май|Июнь|Июль|Авг.|Сент.|Окт.|Нояб.|Дек.
pa	<kok	23=dd-MM-yy	24=dd MMMM yyyy dddd	25=tt hh':'mm	26=tt hh':'mm':'ss	27=dd MMMM yyyy dddd tt hh':'mm':'ss	30=ਸਵੇਰ	31=ਸ਼ਾਮ	35=ਐਤਵਾਰ|ਸੋਮਵਾਰ|ਮੰਗਲਵਾਰ|ਬੁੱਧਵਾਰ|ਵੀਰਵਾਰ|ਸ਼ੁੱਕਰਵਾਰ|ਸ਼ਨਿੱਚਰਵਾਰ	36=ਐਤ.|ਸੋਮ.|ਮੰਗਲ.|ਬੁੱਧ.|ਵੀਰ.|ਸ਼ੁਕਰ.|ਸ਼ਨਿੱਚਰ.	37=ਜਨਵਰੀ|ਫ਼ਰਵਰੀ|ਮਾਰਚ|ਅਪ੍ਰੈਲ|ਮਈ|ਜੂਨ|ਜੁਲਾਈ|ਅਗਸਤ|ਸਤੰਬਰ|ਅਕਤੂਬਰ|ਨਵੰਬਰ|ਦਸੰਬਰ	38=ਜਨਵਰੀ|ਫ਼ਰਵਰੀ|ਮਾਰਚ|ਅਪ੍ਰੈਲ|ਮਈ|ਜੂਨ|ਜੁਲਾਈ|ਅਗਸਤ|ਸਤੰਬਰ|ਅਕਤੂਬਰ|ਨਵੰਬਰ|ਦਸੰਬਰ	39=ਜਨਵਰੀ|ਫ਼ਰਵਰੀ|ਮਾਰਚ|ਅਪ੍ਰੈਲ|ਮਈ|ਜੂਨ|ਜੁਲਾਈ|ਅਗਸਤ|ਸਤੰਬਰ|ਅਕਤੂਬਰ|ਨਵੰਬਰ|ਦਸੰਬਰ	40=ਜਨਵਰੀ|ਫ਼ਰਵਰੀ|ਮਾਰਚ|ਅਪ੍ਰੈਲ|ਮਈ|ਜੂਨ|ਜੁਲਾਈ|ਅਗਸਤ|ਸਤੰਬਰ|ਅਕਤੂਬਰ|ਨਵੰਬਰ|ਦਸੰਬਰ
pcm	<bgc
pl	<et	7=zł	24=dddd, d MMMM yyyy	27=dddd, d MMMM yyyy HH':'mm':'ss	28=d MMMM	34=n.e.	35=niedziela|poniedziałek|wtorek|środa|czwartek|piątek|sobota	36=niedz.|pon.|wt.|śr.|czw.|pt.|sob.	37=styczeń|luty|marzec|kwiecień|maj|czerwiec|lipiec|sierpień|wrzesień|październik|listopad|grudzień	38=sty|lut|mar|kwi|maj|cze|lip|sie|wrz|paź|lis|gru	39=stycznia|lutego|marca|kwietnia|maja|czerwca|lipca|sierpnia|września|października|listopada|grudnia	40=sty|lut|mar|kwi|maj|cze|lip|sie|wrz|paź|lis|gru
prg	<et	7=XDR	24=dddd, yyyy 'mettas' d. MMMM	27=dddd, yyyy 'mettas' d. MMMM HH':'mm':'ss	28=MMMM d	29=yyyy MMMM	34=AD	35=nadīli|panadīli|wisasīdis|pussisawaiti|ketwirtiks|pēntniks|sabattika	36=nad|pan|wis|pus|ket|pēn|sab	37=rags|wassarins|pūlis|sakkis|zallaws|sīmenis|līpa|daggis|sillins|spallins|lapkrūtis|sallaws	38=rag|was|pūl|sak|zal|sīm|līp|dag|sil|spa|lap|sal	39=rags|wassarins|pūlis|sakkis|zallaws|sīmenis|līpa|daggis|sillins|spallins|lapkrūtis|sallaws	40=rag|was|pūl|sak|zal|sīm|līp|dag|sil|spa|lap|sal
ps	<ca	7=؋	11=0	22=persian	23=yyyy'/'M'/'d	24=d MMMM yyyy	27=d MMMM yyyy H':'mm':'ss	29=MMMM yyyy	30=غ.م.	31=غ.و.	34=هـ.ش	35=یکشنبه|دوشنبه|سه‌شنبه|چارشنبه|پنجشنبه|جمعه|شنبه	36=یکشنبه|دوشنبه|سه‌شنبه|چارشنبه|پنجشنبه|جمعه|شنبه	37=وری|غويی|غبرګولی|چنګاښ|زمری|وږی|تله|لړم|ليندۍ|مرغومی|سلواغه|كب	38=وری|غويی|غبرګولی|چنګاښ|زمری|وږی|تله|لړم|ليندۍ|مرغومی|سلواغه|كب	39=وری|غويی|غبرګولی|چنګاښ|زمری|وږی|تله|لړم|ليندۍ|مرغومی|سلواغه|كب	40=وری|غويی|غبرګولی|چنګاښ|زمری|وږی|تله|لړم|ليندۍ|مرغومی|سلواغه|كب	41=dddd 'د' yyyy 'د' MMMM d H':'mm':'ss	42=جنوري|فبروري|مارچ|اپریل|مۍ|جون|جولای|اگست|سېپتمبر|اکتوبر|نومبر|دسمبر	43=يونۍ|دونۍ|درېنۍ|څلرنۍ|پينځنۍ|جمعه|اونۍ
pt	<gl	7=R$	12=2	13=9	19=1	20=1	30=	31=	35=domingo|segunda-feira|terça-feira|quarta-feira|quinta-feira|sexta-feira|sábado	36=dom|seg|ter|qua|qui|sex|sáb	37=janeiro|fevereiro|março|abril|maio|junho|julho|agosto|setembro|outubro|novembro|dezembro	38=jan|fev|mar|abr|mai|jun|jul|ago|set|out|nov|dez	39=janeiro|fevereiro|março|abril|maio|junho|julho|agosto|setembro|outubro|novembro|dezembro	40=jan|fev|mar|abr|mai|jun|jul|ago|set|out|nov|dez
qq	<bgc
qu	<gl	7=Bs.	12=2	13=14	24=dddd, dd 'de' MMMM 'de' yyyy	25=hh':'mm tt	26=hh':'mm':'ss tt	27=dddd, dd 'de' MMMM 'de' yyyy hh':'mm':'ss tt	34=A.D.	35=intichaw|killachaw|atipachaw|quyllurchaw|Ch' askachaw|Illapachaw|k'uychichaw	36=int|kil|ati|quy|Ch'|Ill|k'u	37=Qulla puquy|Hatun puquy|Pauqar waray|ayriwa|Aymuray|Inti raymi|Anta Sitwa|Qhapaq Sitwa|Uma raymi|Kantaray|Ayamarq'a|Kapaq Raymi	38=Qul|Hat|Pau|ayr|Aym|Int|Ant|Qha|Uma|Kan|Aya|Kap	39=Qulla puquy|Hatun puquy|Pauqar waray|ayriwa|Aymuray|Inti raymi|Anta Sitwa|Qhapaq Sitwa|Uma raymi|Kantaray|Ayamarq'a|Kapaq Raymi	40=Qul|Hat|Pau|ayr|Aym|Int|Ant|Qha|Uma|Kan|Aya|Kap
raj	<bgc
rm	<gsw	23=dd-MM-yyyy	24=dddd, 'ils' d 'da' MMMM yyyy	27=dddd, 'ils' d 'da' MMMM yyyy HH':'mm':'ss	29=yyyy MMMM	30=AM	31=PM	32=-	34=s. Cr.	35=dumengia|glindesdi|mardi|mesemna|gievgia|venderdi|sonda	36=du|gli|ma|me|gie|ve|so	37=schaner|favrer|mars|avrigl|matg|zercladur|fanadur|avust|settember|october|november|december	38=schan.|favr.|mars|avr.|matg|zercl.|fan.|avust|sett.|oct.|nov.|dec.	39=schaner|favrer|mars|avrigl|matg|zercladur|fanadur|avust|settember|october|november|december	40=schan.|favr.|mars|avr.|matg|zercl.|fan.|avust|sett.|oct.|nov.|dec.
rn	<lu	7=FBu	11=0	19=0	20=0	30=Z.MU.	31=Z.MW.	34=Ny.Y	35=Ku w’indwi|Ku wa mbere|Ku wa kabiri|Ku wa gatatu|Ku wa kane|Ku wa gatanu|Ku wa gatandatu	36=cu.|mbe.|kab.|gtu.|kan.|gnu.|gnd.	37=Nzero|Ruhuhuma|Ntwarante|Ndamukiza|Rusama|Ruheshi|Mukakaro|Nyandagaro|Nyakanga|Gitugutu|Munyonyo|Kigarama	38=Mut.|Gas.|Wer.|Mat.|Gic.|Kam.|Nya.|Kan.|Nze.|Ukw.|Ugu.|Uku.	39=Nzero|Ruhuhuma|Ntwarante|Ndamukiza|Rusama|Ruheshi|Mukakaro|Nyandagaro|Nyakanga|Gitugutu|Munyonyo|Kigarama	40=Mut.|Gas.|Wer.|Mat.|Gic.|Kam.|Nya.|Kan.|Nze.|Ukw.|Ugu.|Uku.
ro	<de	7=lei	24=dddd, d MMMM yyyy	27=dddd, d MMMM yyyy HH':'mm':'ss	28=d MMMM	30=a.m.	31=p.m.	34=d.Hr.	35=duminică|luni|marți|miercuri|joi|vineri|sâmbătă	36=dum.|lun.|mar.|mie.|joi|vin.|sâm.	37=ianuarie|februarie|martie|aprilie|mai|iunie|iulie|august|septembrie|octombrie|noiembrie|decembrie	38=ian.|feb.|mar.|apr.|mai|iun.|iul.|aug.|sept.|oct.|nov.|dec.	39=ianuarie|februarie|martie|aprilie|mai|iunie|iulie|august|septembrie|octombrie|noiembrie|decembrie	40=ian.|feb.|mar.|apr.|mai|iun.|iul.|aug.|sept.|oct.|nov.|dec.
rof	<jmc	30=kang’ama	31=kingoto	34=BM	35=Ijumapili|Ijumatatu|Ijumanne|Ijumatano|Alhamisi|Ijumaa|Ijumamosi	36=Ijp|Ijt|Ijn|Ijtn|Alh|Iju|Ijm	37=Mweri wa kwanza|Mweri wa kaili|Mweri wa katatu|Mweri wa kaana|Mweri wa tanu|Mweri wa sita|Mweri wa saba|Mweri wa nane|Mweri wa tisa|Mweri wa ikumi|Mweri wa ikumi na moja|Mweri wa ikumi na mbili	38=M1|M2|M3|M4|M5|M6|M7|M8|M9|M10|M11|M12	39=Mweri wa kwanza|Mweri wa kaili|Mweri wa katatu|Mweri wa kaana|Mweri wa tanu|Mweri wa sita|Mweri wa saba|Mweri wa nane|Mweri wa tisa|Mweri wa ikumi|Mweri wa ikumi na moja|Mweri wa ikumi na mbili	40=M1|M2|M3|M4|M5|M6|M7|M8|M9|M10|M11|M12
ru	<bg	7=₽	23=dd.MM.yyyy	24=d MMMM yyyy 'г'.	27=d MMMM yyyy 'г'. H':'mm':'ss	29=MMMM yyyy	34=наша эра	35=воскресенье|понедельник|вторник|среда|четверг|пятница|суббота	36=Вс|Пн|Вт|Ср|Чт|Пт|Сб	37=Январь|Февраль|Март|Апрель|Май|Июнь|Июль|Август|Сентябрь|Октябрь|Ноябрь|Декабрь	38=янв|фев|мар|апр|май|июн|июл|авг|сен|окт|ноя|дек	39=января|февраля|марта|апреля|мая|июня|июля|августа|сентября|октября|ноября|декабря	40=янв|фев|мар|апр|май|июн|июл|авг|сен|окт|ноя|дек
rw	<jgo	7=RF	24=yyyy MMMM d, dddd	27=yyyy MMMM d, dddd HH':'mm':'ss	30=AM	31=PM	35=Ku cyumweru|Kuwa mbere|Kuwa kabiri|Kuwa gatatu|Kuwa kane|Kuwa gatanu|Kuwa gatandatu	36=cyu.|mbe.|kab.|gtu.|kan.|gnu.|gnd.	37=Mutarama|Gashyantare|Werurwe|Mata|Gicuransi|Kamena|Nyakanga|Kanama|Nzeli|Ukwakira|Ugushyingo|Ukuboza	38=mut.|gas.|wer.|mat.|gic.|kam.|nya.|kan.|nze.|ukw.|ugu.|uku.	39=Mutarama|Gashyantare|Werurwe|Mata|Gicuransi|Kamena|Nyakanga|Kanama|Nzeli|Ukwakira|Ugushyingo|Ukuboza	40=mut.|gas.|wer.|mat.|gic.|kam.|nya.|kan.|nze.|ukw.|ugu.|uku.
rwk	<jmc	12=1	13=5
sa	<kok	19=0	20=0	24=dd MMMM yyyy dddd	27=dd MMMM yyyy dddd HH':'mm':'ss	30=मध्यानपूर्व	31=मध्यानपच्यात	35=रविवासरः|सोमवासरः|मङ्गलवासरः|बुधवासरः|गुरुवासरः|शुक्रवासरः|शनिवासरः	36=रवि|सोम|मङ्ग|बुध|गुरु|शुक्र|शनि	37=जान्युअरी|फेब्रुअरी|मार्च|एप्रिल|मे|जून|जुलै|ऑगस्ट|सप्टेंबर|ऑक्टोबर|नोव्हेंबर|डिसेंबर	38=जान्युअरी|फेब्रुअरी|मार्च|एप्रिल|मे|जुन|जुलै|ऑगस्ट|सप्टेंबर|ऑक्टोबर|नोव्हेंबर|डिसेंबर	39=जान्युअरी|फेब्रुअरी|मार्च|एप्रिल|मे|जून|जुलै|ऑगस्ट|सप्टेंबर|ऑक्टोबर|नोव्हेंबर|डिसेंबर	40=जान्युअरी|फेब्रुअरी|मार्च|एप्रिल|मे|जुन|जुलै|ऑगस्ट|सप्टेंबर|ऑक्टोबर|नोव्हेंबर|डिसेंबर
sah	<ru	24=dddd, yyyy 'с'. MMMM d 'күнэ'	27=dddd, yyyy 'с'. MMMM d 'күнэ' H':'mm':'ss	28=MMMM d 'күнэ'	29=yyyy 'с'. MMMM	30=КИ	31=КК	34=биhиги эрабыт иннинэ	35=Өрөбүл|энидиэнньик|Оптуорунньук|Сэрэдээ|Чэппиэр|Бээтинсэ|Субуота	36=Өр|Бн|Оп|Ср|Чп|Бт|Сб	37=Тохсунньу|Олунньу|Кулун тутар|Муус устар|Ыам ыйа|Бэс ыйа|От ыйа|Атырдьах ыйа|Балаҕан ыйа|Алтынньы|Сэтинньи|Ахсынньы	38=Тхс|Олн|Клн|Мсу|Ыам|Бэс|Оты|Атр|Блҕ|Алт|Сэт|Ахс	39=тохсунньу|олунньу|кулун тутар|муус устар|ыам ыйын|бэс ыйын|от ыйын|атырдьах ыйын|балаҕан ыйын|алтынньы|сэтинньи|ахсынньы	40=Тхс|Олн|Клн|Мсу|Ыам|Бэс|Оты|Атр|Блҕ|Алт|Сэт|Ахс
saq	<dav	30=Tesiran	31=Teipa	35=Mderot ee are|Mderot ee kuni|Mderot ee ong’wan|Mderot ee inet|Mderot ee ile|Mderot ee sapa|Mderot ee kwe	36=Are|Kun|Ong|Ine|Ile|Sap|Kwe	37=Lapa le obo|Lapa le waare|Lapa le okuni|Lapa le ong’wan|Lapa le imet|Lapa le ile|Lapa le sapa|Lapa le isiet|Lapa le saal|Lapa le tomon|Lapa le tomon obo|Lapa le tomon waare	38=Obo|Waa|Oku|Ong|Ime|Ile|Sap|Isi|Saa|Tom|Tob|Tow	39=Lapa le obo|Lapa le waare|Lapa le okuni|Lapa le ong’wan|Lapa le imet|Lapa le ile|Lapa le sapa|Lapa le isiet|Lapa le saal|Lapa le tomon|Lapa le tomon obo|Lapa le tomon waare	40=Obo|Waa|Oku|Ong|Ime|Ile|Sap|Isi|Saa|Tom|Tob|Tow
sat	<bgc
sbp	<bez	29=yyyy MMMM	30=Lwamilawu	31=Pashamihe	34=PK	35=Mulungu|Jumatatu|Jumanne|Jumatano|Alahamisi|Ijumaa|Jumamosi	36=Mul|Jtt|Jnn|Jtn|Alh|Iju|Jmo	37=Mupalangulwa|Mwitope|Mushende|Munyi|Mushende Magali|Mujimbi|Mushipepo|Mupuguto|Munyense|Mokhu|Musongandembwe|Muhaano	38=Mup|Mwi|Msh|Mun|Mag|Muj|Msp|Mpg|Mye|Mok|Mus|Muh	39=Mupalangulwa|Mwitope|Mushende|Munyi|Mushende Magali|Mujimbi|Mushipepo|Mupuguto|Munyense|Mokhu|Musongandembwe|Muhaano	40=Mup|Mwi|Msh|Mun|Mag|Muj|Msp|Mpg|Mye|Mok|Mus|Muh
sc	<bgc
sd	<iu	4=3	7=Rs	12=2	13=9	19=3	23=dd'/'MM'/'yyyy	28=dd MMMM	34=ء	35=سومر|اڱارو|اربع|خميس|جمعو|ڇنڇر|آچر	36=سو|اڱ|ار|خم|جمعو|ڇن|آچ	37=جنوري|فروري|مارچ|اپريل|مٔي|جون|جولاءِ|آگست|ستمبر|آکتوبر|نومبر|ڊسمبر	38=جنوري|فروري|مارچ|اپريل|مٔي|جون|جولاءِ|آگست|ستمبر|آکتوبر|نومبر|ڊسمبر	39=جنوري|فروري|مارچ|اپريل|مٔي|جون|جولاءِ|آگست|ستمبر|آکتوبر|نومبر|ڊسمبر	40=جنوري|فروري|مارچ|اپريل|مٔي|جون|جولاءِ|آگست|ستمبر|آکتوبر|نومبر|ڊسمبر
se	<lt	7=kr	24=yyyy MMMM d, dddd	27=yyyy MMMM d, dddd HH':'mm':'ss	28=MMMM d	29=yyyy MMMM	30=i.b.	31=e.b.	34=m.Kr.	35=sotnabeaivi|vuossárga|maŋŋebárga|gaskavahkku|duorasdat|bearjadat|lávvardat	36=sotn|vuos|maŋ|gask|duor|bear|láv	37=ođđajagemánnu|guovvamánnu|njukčamánnu|cuoŋománnu|miessemánnu|geassemánnu|suoidnemánnu|borgemánnu|čakčamánnu|golggotmánnu|skábmamánnu|juovlamánnu	38=ođđj|guov|njuk|cuo|mies|geas|suoi|borg|čakč|golg|skáb|juov	39=ođđajagemánnu|guovvamánnu|njukčamánnu|cuoŋománnu|miessemánnu|geassemánnu|suoidnemánnu|borgemánnu|čakčamánnu|golggotmánnu|skábmamánnu|juovlamánnu	40=ođđj|guov|njuk|cuo|mies|geas|suoi|borg|čakč|golg|skáb|juov
seh	<ast	7=MTn	12=1	13=5	24=dddd, d 'de' MMMM 'de' yyyy	27=dddd, d 'de' MMMM 'de' yyyy HH':'mm':'ss	34=AD	35=Dimingu|Chiposi|Chipiri|Chitatu|Chinai|Chishanu|Sabudu	36=Dim|Pos|Pir|Tat|Nai|Sha|Sab	37=Janeiro|Fevreiro|Marco|Abril|Maio|Junho|Julho|Augusto|Setembro|Otubro|Novembro|Decembro	38=Jan|Fev|Mar|Abr|Mai|Jun|Jul|Aug|Set|Otu|Nov|Dec	39=Janeiro|Fevreiro|Marco|Abril|Maio|Junho|Julho|Augusto|Setembro|Otubro|Novembro|Decembro	40=Jan|Fev|Mar|Abr|Mai|Jun|Jul|Aug|Set|Otu|Nov|Dec
ses	<khq	35=Alhadi|Atinni|Atalaata|Alarba|Alhamiisa|Alzuma|Asibti	36=Alh|Ati|Ata|Ala|Alm|Alz|Asi
sg	<mua	13=2	28=d MMMM	29=MMMM yyyy	30=ND	31=LK	34=NpK	35=Bikua-ôko|Bïkua-ûse|Bïkua-ptâ|Bïkua-usïö|Bïkua-okü|Lâpôsö|Lâyenga	36=Bk1|Bk2|Bk3|Bk4|Bk5|Lâp|Lây	37=Nyenye|Fulundïgi|Mbängü|Ngubùe|Bêläwü|Föndo|Lengua|Kükürü|Mvuka|Ngberere|Nabändüru|Kakauka	38=Nye|Ful|Mbä|Ngu|Bêl|Fön|Len|Kük|Mvu|Ngb|Nab|Kak	39=Nyenye|Fulundïgi|Mbängü|Ngubùe|Bêläwü|Föndo|Lengua|Kükürü|Mvuka|Ngberere|Nabändüru|Kakauka	40=Nye|Ful|Mbä|Ngu|Bêl|Fön|Len|Kük|Mvu|Ngb|Nab|Kak
shi	<agq	7=MAD	11=2	28=d MMMM	29=MMMM yyyy	30=ⵜⵉⴼⴰⵡⵜ	31=ⵜⴰⴷⴳⴳⵯⴰⵜ	34=ⴷⴼⵄ	35=ⴰⵙⴰⵎⴰⵙ|ⴰⵢⵏⴰⵙ|ⴰⵙⵉⵏⴰⵙ|ⴰⴽⵕⴰⵙ|ⴰⴽⵡⴰⵙ|ⵙⵉⵎⵡⴰⵙ|ⴰⵙⵉⴹⵢⴰⵙ	36=ⴰⵙⴰ|ⴰⵢⵏ|ⴰⵙⵉ|ⴰⴽⵕ|ⴰⴽⵡ|ⴰⵙⵉⵎ|ⴰⵙⵉⴹ	37=ⵉⵏⵏⴰⵢⵔ|ⴱⵕⴰⵢⵕ|ⵎⴰⵕⵚ|ⵉⴱⵔⵉⵔ|ⵎⴰⵢⵢⵓ|ⵢⵓⵏⵢⵓ|ⵢⵓⵍⵢⵓⵣ|ⵖⵓⵛⵜ|ⵛⵓⵜⴰⵏⴱⵉⵔ|ⴽⵜⵓⴱⵔ|ⵏⵓⵡⴰⵏⴱⵉⵔ|ⴷⵓⵊⴰⵏⴱⵉⵔ	38=ⵉⵏⵏ|ⴱⵕⴰ|ⵎⴰⵕ|ⵉⴱⵔ|ⵎⴰⵢ|ⵢⵓⵏ|ⵢⵓⵍ|ⵖⵓⵛ|ⵛⵓⵜ|ⴽⵜⵓ|ⵏⵓⵡ|ⴷⵓⵊ	39=ⵉⵏⵏⴰⵢⵔ|ⴱⵕⴰⵢⵕ|ⵎⴰⵕⵚ|ⵉⴱⵔⵉⵔ|ⵎⴰⵢⵢⵓ|ⵢⵓⵏⵢⵓ|ⵢⵓⵍⵢⵓⵣ|ⵖⵓⵛⵜ|ⵛⵓⵜⴰⵏⴱⵉⵔ|ⴽⵜⵓⴱⵔ|ⵏⵓⵡⴰⵏⴱⵉⵔ|ⴷⵓⵊⴰⵏⴱⵉⵔ	40=ⵉⵏⵏ|ⴱⵕⴰ|ⵎⴰⵕ|ⵉⴱⵔ|ⵎⴰⵢ|ⵢⵓⵏ|ⵢⵓⵍ|ⵖⵓⵛ|ⵛⵓⵜ|ⴽⵜⵓ|ⵏⵓⵡ|ⴷⵓⵊ
si	<am	7=රු.	23=yyyy-MM-dd	25=HH.mm	26=HH.mm.ss	27=yyyy MMMM d, dddd HH.mm.ss	29=yyyy MMMM	30=පෙ.ව.	31=ප.ව.	32=-	33=.	34=ක්‍රි.ව.	35=ඉරිදා|සඳුදා|අඟහරුවාදා|බදාදා|බ්‍රහස්පතින්දා|සිකුරාදා|සෙනසුරාදා	36=ඉරිදා|සඳුදා|අඟහ|බදාදා|බ්‍රහස්|සිකු|සෙන	37=ජනවාරි|පෙබරවාරි|මාර්තු|අප්‍රේල්|මැයි|ජූනි|ජූලි|අගෝස්තු|සැප්තැම්බර්|ඔක්තෝබර්|නොවැම්බර්|දෙසැම්බර්	38=ජන|පෙබ|මාර්|අප්‍රේල්|මැයි|ජූනි|ජූලි|අගෝ|සැප්|ඔක්|නොවැ|දෙසැ	39=ජනවාරි|පෙබරවාරි|මාර්තු|අප්‍රේල්|මැයි|ජූනි|ජූලි|අගෝස්තු|සැප්තැම්බර්|ඔක්තෝබර්|නොවැම්බර්|දෙසැම්බර්	40=ජන|පෙබ|මාර්|අප්‍රේල්|මැයි|ජූනි|ජූලි|අගෝ|සැප්|ඔක්|නොවැ|දෙසැ
sk	<cs	7=€	23=d. M. yyyy	30=AM	31=PM	32=. 	34=po Kr.	35=nedeľa|pondelok|utorok|streda|štvrtok|piatok|sobota	36=ne|po|ut|st|št|pi|so	37=január|február|marec|apríl|máj|jún|júl|august|september|október|november|december	38=jan|feb|mar|apr|máj|jún|júl|aug|sep|okt|nov|dec	39=januára|februára|marca|apríla|mája|júna|júla|augusta|septembra|októbra|novembra|decembra	40=jan|feb|mar|apr|máj|jún|júl|aug|sep|okt|nov|dec
sl	<dsb	23=d. MM. yyyy	24=dddd, dd. MMMM yyyy	27=dddd, dd. MMMM yyyy HH':'mm':'ss	30=dop.	31=pop.	34=po Kr.	35=nedelja|ponedeljek|torek|sreda|četrtek|petek|sobota	36=ned.|pon.|tor.|sre.|čet.|pet.|sob.	37=januar|februar|marec|april|maj|junij|julij|avgust|september|oktober|november|december	38=jan.|feb.|mar.|apr.|maj|jun.|jul.|avg.|sep.|okt.|nov.|dec.	39=januar|februar|marec|april|maj|junij|julij|avgust|september|oktober|november|december	40=jan.|feb.|mar.|apr.|maj|jun.|jul.|avg.|sep.|okt.|nov.|dec.
smn	<lb	23=d.M.yyyy	24=MMMM d. 'p'. yyyy	25=H':'mm	26=H':'mm':'ss	27=MMMM d. 'p'. yyyy H':'mm':'ss	28=MMMM d. 'p'. 	34=A.D.	35=pasepeivi|vuossargâ|majebargâ|koskokko|tuorâstâh|vástuppeivi|lávurdâh	36=pas|vuo|maj|kos|tuo|vás|láv	37=uđđâivemáánu|kuovâmáánu|njuhčâmáánu|cuáŋuimáánu|vyesimáánu|kesimáánu|syeinimáánu|porgemáánu|čohčâmáánu|roovvâdmáánu|skammâmáánu|juovlâmáánu	38=uđiv|kuov|njuh|cuáŋ|vyes|kesi|syei|porg|čohč|roov|skam|juov	39=uđđâivemáánu|kuovâmáánu|njuhčâmáánu|cuáŋuimáánu|vyesimáánu|kesimáánu|syeinimáánu|porgemáánu|čohčâmáánu|roovvâdmáánu|skammâmáánu|juovlâmáánu	40=uđiv|kuov|njuh|cuáŋ|vyes|kesi|syei|porg|čohč|roov|skam|juov
sn	<nd	23=yyyy-MM-dd	24=yyyy MMMM d, dddd	27=yyyy MMMM d, dddd HH':'mm':'ss	29=yyyy MMMM	32=-	35=Svondo|Muvhuro|Chipiri|Chitatu|China|Chishanu|Mugovera	36=Svo|Muv|Chp|Cht|Chn|Chs|Mug	37=Ndira|Kukadzi|Kurume|Kubvumbi|Chivabvu|Chikumi|Chikunguru|Nyamavhuvhu|Gunyana|Gumiguru|Mbudzi|Zvita	38=Ndi|Kuk|Kur|Kub|Chv|Chk|Chg|Nya|Gun|Gum|Mbu|Zvi	39=Ndira|Kukadzi|Kurume|Kubvumbi|Chivabvu|Chikumi|Chikunguru|Nyamavhuvhu|Gunyana|Gumiguru|Mbudzi|Zvita	40=Ndi|Kuk|Kur|Kub|Chv|Chk|Chg|Nya|Gun|Gum|Mbu|Zvi
so	<am	7=S	11=0	24=dddd, MMMM dd, yyyy	27=dddd, MMMM dd, yyyy h':'mm':'ss tt	30=GH	31=GD	34=CD	35=Axad|Isniin|Salaasa|Arbaca|Khamiis|Jimce|Sabti	36=Axd|Isn|Slsa|Arbc|Khms|Jmc|Sbti	37=Jannaayo|Febraayo|Maarso|Abriil|May|Juun|Luuliyo|Ogost|Sebtembar|Oktoobar|Nofembar|Desembar	38=Jan|Feb|Mar|Abr|May|Jun|Lul|Ogs|Seb|Okt|Nof|Dis	39=Bisha Koobaad|Bisha Labaad|Bisha Saddexaad|Bisha Afraad|Bisha Shanaad|Bisha Lixaad|Bisha Todobaad|Bisha Sideedaad|Bisha Sagaalaad|Bisha Tobnaad|Bisha Kow iyo Tobnaad|Bisha Laba iyo Tobnaad	40=Jan|Feb|Mar|Abr|May|Jun|Lul|Ogs|Seb|Okt|Nof|Dis
sq	<pl	7=Lekë	11=0	23=d.M.yyyy	25=h':'mm tt	26=h':'mm':'ss tt	27=dddd, d MMMM yyyy h':'mm':'ss tt	30=p.d.	31=m.d.	34=mb.K.	35=e diel|e hënë|e martë|e mërkurë|e enjte|e premte|e shtunë	36=Die|Hën|Mar|Mër|Enj|Pre|Sht	37=janar|shkurt|mars|prill|maj|qershor|korrik|gusht|shtator|tetor|nëntor|dhjetor	38=jan|shk|mar|pri|maj|qer|korr|gush|sht|tet|nën|dhj	39=janar|shkurt|mars|prill|maj|qershor|korrik|gusht|shtator|tetor|nëntor|dhjetor	40=jan|shk|mar|pri|maj|qer|korr|gush|sht|tet|nën|dhj
sr	<is	7=RSD	23=d.M.yyyy.	24=dddd, dd. MMMM yyyy.	27=dddd, dd. MMMM yyyy. HH':'mm':'ss	29=MMMM yyyy.	30=pre podne	31=po podne	34=n. e.	35=nedelja|ponedeljak|utorak|sreda|četvrtak|petak|subota	36=ned|pon|uto|sre|čet|pet|sub	37=januar|februar|mart|april|maj|jun|jul|avgust|septembar|oktobar|novembar|decembar	38=jan|feb|mar|apr|maj|jun|jul|avg|sep|okt|nov|dec	39=januar|februar|mart|april|maj|jun|jul|avgust|septembar|oktobar|novembar|decembar	40=jan|feb|mar|apr|maj|jun|jul|avg|sep|okt|nov|dec
su	<bgc
sv	<da	1= 	7=kr	9= 	16= 	23=yyyy-MM-dd	24='den' d MMMM yyyy	27='den' d MMMM yyyy HH':'mm':'ss	28='den' d MMMM	35=söndag|måndag|tisdag|onsdag|torsdag|fredag|lördag	36=sön|mån|tis|ons|tor|fre|lör	37=januari|februari|mars|april|maj|juni|juli|augusti|september|oktober|november|december	39=januari|februari|mars|april|maj|juni|juli|augusti|september|oktober|november|december
sw	<asa	7=Ksh	12=2	13=9	28=d MMMM	30=AM	31=PM	34=BK	36=Jumapili|Jumatatu|Jumanne|Jumatano|Alhamisi|Ijumaa|Jumamosi	38=Jan|Feb|Mac|Apr|Mei|Jun|Jul|Ago|Sep|Okt|Nov|Des	40=Jan|Feb|Mac|Apr|Mei|Jun|Jul|Ago|Sep|Okt|Nov|Des
syr	<ar	7=ܠ.ܣ.‏	22=gregorian	23=dd'/'MM'/'yyyy	24=dd MMMM, yyyy	27=dd MMMM, yyyy hh':'mm':'ss tt	28=MMMM dd	30=ܩ.ܛ	31=ܒ.ܛ	34=A.D.	35=ܚܕ ܒܫܒܐ|ܬܪܝܢ ܒܫܒܐ|ܬܠܬܐ ܒܫܒܐ|ܐܪܒܥܐ ܒܫܒܐ|ܚܡܫܐ ܒܫܒܐ|ܥܪܘܒܬܐ|ܫܒܬܐ	36=܏ܐ ܏ܒܫ|܏ܒ ܏ܒܫ|܏ܓ ܏ܒܫ|܏ܕ ܏ܒܫ|܏ܗ ܏ܒܫ|܏ܥܪܘܒ|܏ܫܒ	37=ܟܢܘܢ ܐܚܪܝ|ܫܒܛ|ܐܕܪ|ܢܝܣܢ|ܐܝܪ|ܚܙܝܪܢ|ܬܡܘܙ|ܐܒ|ܐܝܠܘܠ|ܬܫܪܝ ܩܕܝܡ|ܬܫܪܝ ܐܚܪܝ|ܟܢܘܢ ܩܕܝܡ	38=܏ܟܢ ܏ܒ|ܫܒܛ|ܐܕܪ|ܢܝܣܢ|ܐܝܪ|ܚܙܝܪܢ|ܬܡܘܙ|ܐܒ|ܐܝܠܘܠ|܏ܬܫ ܏ܐ|܏ܬܫ ܏ܒ|܏ܟܢ ܏ܐ	39=ܟܢܘܢ ܐܚܪܝ|ܫܒܛ|ܐܕܪ|ܢܝܣܢ|ܐܝܪ|ܚܙܝܪܢ|ܬܡܘܙ|ܐܒ|ܐܝܠܘܠ|ܬܫܪܝ ܩܕܝܡ|ܬܫܪܝ ܐܚܪܝ|ܟܢܘܢ ܩܕܝܡ	40=܏ܟܢ ܏ܒ|ܫܒܛ|ܐܕܪ|ܢܝܣܢ|ܐܝܪ|ܚܙܝܪܢ|ܬܡܘܙ|ܐܒ|ܐܝܠܘܠ|܏ܬܫ ܏ܐ|܏ܬܫ ܏ܒ|܏ܟܢ ܏ܐ	41=	42=
szl	<bgc
ta	<kok	28=d MMMM	29=MMMM yyyy	30=காலை	31=மாலை	35=ஞாயிற்றுக்கிழமை|திங்கள்கிழமை|செவ்வாய்க்கிழமை|புதன்கிழமை|வியாழக்கிழமை|வெள்ளிக்கிழமை|சனிக்கிழமை	36=ஞாயிறு|திங்கள்|செவ்வாய்|புதன்|வியாழன்|வெள்ளி|சனி	37=ஜனவரி|பிப்ரவரி|மார்ச்|ஏப்ரல்|மே|ஜூன்|ஜூலை|ஆகஸ்ட்|செப்டம்பர்|அக்டோபர்|நவம்பர்|டிசம்பர்	38=ஜனவரி|பிப்ரவரி|மார்ச்|ஏப்ரல்|மே|ஜூன்|ஜூலை|ஆகஸ்ட்|செப்டம்பர்|அக்டோபர்|நவம்பர்|டிசம்பர்	39=ஜனவரி|பிப்ரவரி|மார்ச்|ஏப்ரல்|மே|ஜூன்|ஜூலை|ஆகஸ்ட்|செப்டம்பர்|அக்டோபர்|நவம்பர்|டிசம்பர்	40=ஜனவரி|பிப்ரவரி|மார்ச்|ஏப்ரல்|மே|ஜூன்|ஜூலை|ஆகஸ்ட்|செப்டம்பர்|அக்டோபர்|நவம்பர்|டிசம்பர்
te	<bn	7=₹	12=0	13=1	23=dd-MM-yyyy	24=d, MMMM yyyy, dddd	27=d, MMMM yyyy, dddd h':'mm':'ss tt	32=-	34=క్రీశ	35=ఆదివారం|సోమవారం|మంగళవారం|బుధవారం|గురువారం|శుక్రవారం|శనివారం	36=ఆది|సోమ|మంగళ|బుధ|గురు|శుక్ర|శని	37=జనవరి|ఫిబ్రవరి|మార్చి|ఏప్రిల్|మే|జూన్|జులై|ఆగస్టు|సెప్టెంబర్|అక్టోబర్|నవంబర్|డిసెంబర్	38=జన|ఫిబ్ర|మార్చి|ఏప్రి|మే|జూన్|జులై|ఆగ|సెప్టెం|అక్టో|నవం|డిసెం	39=జనవరి|ఫిబ్రవరి|మార్చి|ఏప్రిల్|మే|జూన్|జులై|ఆగస్టు|సెప్టెంబర్|అక్టోబర్|నవంబర్|డిసెంబర్	40=జన|ఫిబ్ర|మార్చి|ఏప్రి|మే|జూన్|జులై|ఆగ|సెప్టెం|అక్టో|నవం|డిసెం
teo	<cgg	30=Taparachu	31=Ebongi	34=BK	35=Nakaejuma|Nakaebarasa|Nakaare|Nakauni|Nakaung’on|Nakakany|Nakasabiti	36=Jum|Bar|Aar|Uni|Ung|Kan|Sab	37=Orara|Omuk|Okwamg’|Odung’el|Omaruk|Omodok’king’ol|Ojola|Opedel|Osokosokoma|Otibar|Olabor|Opoo	38=Rar|Muk|Kwa|Dun|Mar|Mod|Jol|Ped|Sok|Tib|Lab|Poo	39=Orara|Omuk|Okwamg’|Odung’el|Omaruk|Omodok’king’ol|Ojola|Opedel|Osokosokoma|Otibar|Olabor|Opoo	40=Rar|Muk|Kwa|Dun|Mar|Mod|Jol|Ped|Sok|Tib|Lab|Poo
tg	<ru	7=смн	24=d MMMM yyyy 'с'.	25=HH':'mm	26=HH':'mm':'ss	27=d MMMM yyyy 'с'. HH':'mm':'ss	28=dd MMMM	34=пас аз милод	35=якшанбе|душанбе|сешанбе|чоршанбе|панҷшанбе|ҷумъа|шанбе	36=пкш|дшб|сшб|чшб|пшб|ҷум|шнб	37=январ|феврал|март|апрел|май|июн|июл|август|сентябр|октябр|ноябр|декабр	39=январ|феврал|март|апрел|май|июн|июл|август|сентябр|октябр|ноябр|декабр
th	<bm	7=฿	11=2	22=thai	24=d MMMM yyyy	25=H':'mm	26=H':'mm':'ss	27=d MMMM yyyy H':'mm':'ss	34=พ.ศ.	35=อาทิตย์|จันทร์|อังคาร|พุธ|พฤหัสบดี|ศุกร์|เสาร์	36=อา.|จ.|อ.|พ.|พฤ.|ศ.|ส.	37=มกราคม|กุมภาพันธ์|มีนาคม|เมษายน|พฤษภาคม|มิถุนายน|กรกฎาคม|สิงหาคม|กันยายน|ตุลาคม|พฤศจิกายน|ธันวาคม	38=ม.ค.|ก.พ.|มี.ค.|เม.ย.|พ.ค.|มิ.ย.|ก.ค.|ส.ค.|ก.ย.|ต.ค.|พ.ย.|ธ.ค.	39=มกราคม|กุมภาพันธ์|มีนาคม|เมษายน|พฤษภาคม|มิถุนายน|กรกฎาคม|สิงหาคม|กันยายน|ตุลาคม|พฤศจิกายน|ธันวาคม	40=ม.ค.|ก.พ.|มี.ค.|เม.ย.|พ.ค.|มิ.ย.|ก.ค.|ส.ค.|ก.ย.|ต.ค.|พ.ย.|ธ.ค.	41='ว'ั'น'dddd'ท'ี่ d MMMM yyyy H':'mm':'ss	42=มกราคม|กุมภาพันธ์|มีนาคม|เมษายน|พฤษภาคม|มิถุนายน|กรกฎาคม|สิงหาคม|กันยายน|ตุลาคม|พฤศจิกายน|ธันวาคม
ti	<am	7=Nfk	24=dddd፣ dd MMMM 'መዓልቲ' yyyy 'ዓ/ም'	27=dddd፣ dd MMMM 'መዓልቲ' yyyy 'ዓ/ም' h':'mm':'ss tt	30=ንጉሆ ሰዓተ	31=ድሕር ሰዓት	35=ሰንበት|ሰኑይ|ሠሉስ|ረቡዕ|ኃሙስ|ዓርቢ|ቀዳም	36=ሰን|ሰኑ|ሰሉ|ረቡ|ሓሙ|ዓር|ቀዳ	37=ጥሪ|ለካቲት|መጋቢት|ሚያዝያ|ግንቦት|ሰነ|ሓምለ|ነሓሰ|መስከረም|ጥቅምቲ|ሕዳር|ታሕሳስ	38=ጥሪ|ለካ|መጋ|ሚያ|ግን|ሰነ|ሓም|ነሓ|መስ|ጥቅ|ሕዳ|ታሕ	39=ጥሪ|ለካቲት|መጋቢት|ሚያዝያ|ግንቦት|ሰነ|ሓምለ|ነሓሰ|መስከረም|ጥቅምቲ|ሕዳር|ታሕሳስ	40=ጥሪ|ለካ|መጋ|ሚያ|ግን|ሰነ|ሓም|ነሓ|መስ|ጥቅ|ሕዳ|ታሕ
tk	<be	7=m.	12=1	13=5	23=dd.MM.yy 'ý'.	24=yyyy-'nji' 'ýylyň' d-'nji' MMMM	27=yyyy-'nji' 'ýylyň' d-'nji' MMMM HH':'mm':'ss	29=yyyy 'ý'. MMMM	34=B.e. soň	35=Ýekşenbe|Duşenbe|Sişenbe|Çarşenbe|Penşenbe|Anna|Şenbe	36=Ýb|Db|Sb|Çb|Pb|An|Şb	37=Ýanwar|Fewral|Mart|Aprel|Maý|lýun|lýul|Awgust|Sentýabr|Oktýabr|Noýabr|Dekabr	38=Ýan|Few|Mart|Apr|Maý|lýun|lýul|Awg|Sen|Okt|Noý|Dek	39=ýanwar|fewral|mart|aprel|maý|iýun|iýul|awgust|sentýabr|oktýabr|noýabr|dekabr	40=Ýan|Few|Mart|Apr|Maý|lýun|lýul|Awg|Sen|Okt|Noý|Dek
to	<ha	7=T$	24=dddd d MMMM yyyy	25=h':'mm tt	26=h':'mm':'ss tt	27=dddd d MMMM yyyy h':'mm':'ss tt	28=d MMMM	34=TS	35=Sāpate|Mōnite|Tūsite|Pulelulu|Tuʻapulelulu|Falaite|Tokonaki	36=Sāp|Mōn|Tūs|Pul|Tuʻa|Fal|Tok	37=Sānuali|Fēpueli|Maʻasi|ʻEpeleli|Mē|Sune|Siulai|ʻAokosi|Sepitema|ʻOkatopa|Nōvema|Tīsema	38=Sān|Fēp|Maʻa|ʻEpe|Mē|Sun|Siu|ʻAok|Sep|ʻOka|Nōv|Tīs	39=Sānuali|Fēpueli|Maʻasi|ʻEpeleli|Mē|Sune|Siulai|ʻAokosi|Sepitema|ʻOkatopa|Nōvema|Tīsema	40=Sān|Fēp|Maʻa|ʻEpe|Mē|Sun|Siu|ʻAok|Sep|ʻOka|Nōv|Tīs
tok	<bgc
tr	<az	7=₺	12=0	13=1	19=2	20=2	23=d.MM.yyyy	24=d MMMM yyyy dddd	27=d MMMM yyyy dddd HH':'mm':'ss	30=ÖÖ	31=ÖS	34=MS	35=Pazar|Pazartesi|Salı|Çarşamba|Perşembe|Cuma|Cumartesi	36=Paz|Pzt|Sal|Çar|Per|Cum|Cmt	37=Ocak|Şubat|Mart|Nisan|Mayıs|Haziran|Temmuz|Ağustos|Eylül|Ekim|Kasım|Aralık	38=Oca|Şub|Mar|Nis|May|Haz|Tem|Ağu|Eyl|Eki|Kas|Ara	39=Ocak|Şubat|Mart|Nisan|Mayıs|Haziran|Temmuz|Ağustos|Eylül|Ekim|Kasım|Aralık	40=Oca|Şub|Mar|Nis|May|Haz|Tem|Ağu|Eyl|Eki|Kas|Ara
tt	<be	7=₽	23=dd.MM.yyyy	24=dd MMMM yyyy 'ел'	27=dd MMMM yyyy 'ел' HH':'mm':'ss	29=MMMM yyyy	34=безнең эра	35=якшәмбе|дүшәмбе|сишәмбе|чәршәмбе|пәнҗешәмбе|җомга|шимбә	36=якш.|дүш.|сиш.|чәрш.|пәнҗ.|җом.|шим.	37=гыйнвар|февраль|март|апрель|май|июнь|июль|август|сентябрь|октябрь|ноябрь|декабрь	38=гыйн.|фев.|мар.|апр.|май|июнь|июль|авг.|сен.|окт.|нояб.|дек.	39=гыйнвар|февраль|март|апрель|май|июнь|июль|август|сентябрь|октябрь|ноябрь|декабрь	40=гыйн.|фев.|мар.|апр.|май|июнь|июль|авг.|сен.|окт.|нояб.|дек.
twq	<dje	35=Alhadi|Atinni|Atalaata|Alarba|Alhamiisa|Alzuma|Asibti
tzm	<smn	7=DA	23=dd-MM-yyyy	24=dd MMMM, yyyy	27=dd MMMM, yyyy H':'mm':'ss	28=d MMMM	29=MMMM, yyyy	32=-	34=zdat Sidna Aissa	35=lh'ed|letnayen|ttlata|larebâa|lexmis|ldjemâa|ssebt	36=lh'd|let|ttl|lar|lex|ldj|sse	37=Yennayer|Furar|Meghres|Yebrir|Magu|Yunyu|Yulyu|Ghuct|Cutenber|Tuber|Nunember|Dujanbir	38=Yen|Fur|Megh|Yeb|May|Yun|Yul|Ghu|Cut|Tub|Nun|Duj	39=Yennayer|Furar|Meghres|Yebrir|Magu|Yunyu|Yulyu|Ghuct|Cutenber|Tuber|Nunember|Dujanbir	40=Yen|Fur|Megh|Yeb|May|Yun|Yul|Ghu|Cut|Tub|Nun|Duj
ug	<ii	23=yyyy-M-d	24=yyyy-'يىل' d-MMMM	25=H':'mm	26=H':'mm':'ss	27=yyyy-'يىل' d-MMMM H':'mm':'ss	28=d-MMMM	29=yyyy-'يىلى' MMMM	30=چۈشتىن بۇرۇن	31=چۈشتىن كېيىن	32=-	34=مىلادىيە يەرلىكلەشكەن كالېندارى	35=يەكشەنبە|دۈشەنبە|سەيشەنبە|چارشەنبە|پەيشەنبە|جۈمە|شەنبە	36=يە|دۈ|سە|چا|پە|جۈ|شە	37=يانۋار|فېۋرال|مارت|ئاپرېل|ماي|ئىيۇن|ئىيۇل|ئاۋغۇست|سېنتەبىر|ئۆكتەبىر|نويابىر|دېكابىر	38=1-ئاي|2-ئاي|3-ئاي|4-ئاي|5-ئاي|6-ئاي|7-ئاي|8-ئاي|9-ئاي|10-ئاي|11-ئاي|12-ئاي	39=يانۋار|فېۋرال|مارت|ئاپرېل|ماي|ئىيۇن|ئىيۇل|ئاۋغۇست|سېنتەبىر|ئۆكتەبىر|نويابىر|دېكابىر	40=1-ئاي|2-ئاي|3-ئاي|4-ئاي|5-ئاي|6-ئاي|7-ئاي|8-ئاي|9-ئاي|10-ئاي|11-ئاي|12-ئاي
uk	<ru	7=₴	24=d MMMM yyyy 'р'.	27=d MMMM yyyy 'р'. H':'mm':'ss	29=MMMM yyyy 'р'.	34=н.е.	35=неділя|понеділок|вівторок|середа|четвер|п'ятниця|субота	36=Нд|Пн|Вт|Ср|Чт|Пт|Сб	37=січень|лютий|березень|квітень|травень|червень|липень|серпень|вересень|жовтень|листопад|грудень	38=Січ|Лют|Бер|Кві|Тра|Чер|Лип|Сер|Вер|Жов|Лис|Гру	39=січня|лютого|березня|квітня|травня|червня|липня|серпня|вересня|жовтня|листопада|грудня	40=Січ|Лют|Бер|Кві|Тра|Чер|Лип|Сер|Вер|Жов|Лис|Гру
ur	<sd	4=1	19=1	20=1	24=dd MMMM, yyyy	27=dd MMMM, yyyy h':'mm':'ss tt	35=اتوار|پير|منگل|بدھ|جمعرات|جمعه|هفته	36=اتوار|پير|منگل|بدھ|جمعرات|جمعه|هفته	37=جنوری|فروری|مارچ|اپریل|مئی|جون|جولائی|اگست|ستمبر|اکتوبر|نومبر|دسمبر	38=جنوری|فروری|مارچ|اپریل|مئی|جون|جولائی|اگست|ستمبر|اکتوبر|نومبر|دسمبر	39=جنوری|فروری|مارچ|اپریل|مئی|جون|جولائی|اگست|ستمبر|اکتوبر|نومبر|دسمبر	40=جنوری|فروری|مارچ|اپریل|مئی|جون|جولائی|اگست|ستمبر|اکتوبر|نومبر|دسمبر
uz	<ff	7=soʻm	24=dddd, d-MMMM, yyyy	27=dddd, d-MMMM, yyyy HH':'mm':'ss	28=d-MMMM	29=MMMM, yyyy	30=TO	31=TK	34=milodiy	35=yakshanba|dushanba|seshanba|chorshanba|payshanba|juma|shanba	36=Yak|Dush|Sesh|Chor|Pay|Jum|Shan	37=Yanvar|Fevral|Mart|Aprel|May|Iyun|Iyul|Avgust|Sentabr|Oktabr|Noyabr|Dekabr	38=Yan|Fev|Mar|Apr|May|Iyn|Iyl|Avg|Sen|Okt|Noy|Dek	39=yanvar|fevral|mart|aprel|may|iyun|iyul|avgust|sentabr|oktabr|noyabr|dekabr	40=Yan|Fev|Mar|Apr|May|Iyn|Iyl|Avg|Sen|Okt|Noy|Dek
vai	<haw	23=dd'/'MM'/'yyyy	29=MMMM yyyy	35=ꕞꕌꔵ|ꗳꗡꘉ|ꕚꕞꕚ|ꕉꕞꕒ|ꕉꔤꕆꕢ|ꕉꔤꕀꕮ|ꔻꔬꔳ	36=ꕞꕌꔵ|ꗳꗡꘉ|ꕚꕞꕚ|ꕉꕞꕒ|ꕉꔤꕆꕢ|ꕉꔤꕀꕮ|ꔻꔬꔳ	37=ꖨꖕ ꕪꕴ ꔞꔀꕮꕊ|ꕒꕡꖝꖕ|ꕾꖺ|ꖢꖕ|ꖑꕱ|ꖱꘋ|ꖱꕞꔤ|ꗛꔕ|ꕢꕌ|ꕭꖃ|ꔞꘋꕔꕿ ꕸꖃꗏ|ꖨꖕ ꕪꕴ ꗏꖺꕮꕊ	38=ꖨꖕꔞ|ꕒꕡ|ꕾꖺ|ꖢꖕ|ꖑꕱ|ꖱꘋ|ꖱꕞ|ꗛꔕ|ꕢꕌ|ꕭꖃ|ꔞꘋ|ꖨꖕꗏ	39=ꖨꖕ ꕪꕴ ꔞꔀꕮꕊ|ꕒꕡꖝꖕ|ꕾꖺ|ꖢꖕ|ꖑꕱ|ꖱꘋ|ꖱꕞꔤ|ꗛꔕ|ꕢꕌ|ꕭꖃ|ꔞꘋꕔꕿ ꕸꖃꗏ|ꖨꖕ ꕪꕴ ꗏꖺꕮꕊ	40=ꖨꖕꔞ|ꕒꕡ|ꕾꖺ|ꖢꖕ|ꖑꕱ|ꖱꘋ|ꖱꕞ|ꗛꔕ|ꕢꕌ|ꕭꖃ|ꔞꘋ|ꖨꖕꗏ
vec	<bgc
vi	<el	7=₫	23=dd'/'MM'/'yyyy	24=dd MMMM yyyy	27=dd MMMM yyyy h':'mm':'ss tt	28=dd MMMM	30=SA	31=CH	34=A.D.	35=Chủ Nhật|Thứ Hai|Thứ Ba|Thứ Tư|Thứ Năm|Thứ Sáu|Thứ Bảy	36=CN|T2|T3|T4|T5|T6|T7	37=Tháng Giêng|Tháng Hai|Tháng Ba|Tháng Tư|Tháng Năm|Tháng Sáu|Tháng Bảy|Tháng Tám|Tháng Chín|Tháng Mười|Tháng Mười Một|Tháng Mười Hai	38=Thg1|Thg2|Thg3|Thg4|Thg5|Thg6|Thg7|Thg8|Thg9|Thg10|Thg11|Thg12	39=Tháng Giêng|Tháng Hai|Tháng Ba|Tháng Tư|Tháng Năm|Tháng Sáu|Tháng Bảy|Tháng Tám|Tháng Chín|Tháng Mười|Tháng Mười Một|Tháng Mười Hai	40=Thg1|Thg2|Thg3|Thg4|Thg5|Thg6|Thg7|Thg8|Thg9|Thg10|Thg11|Thg12
vmw	<bgc
vun	<jmc
wae	<rw	1=’	7=CHF	9=’	11=2	16=’	24=dddd, d. MMMM yyyy	27=dddd, d. MMMM yyyy HH':'mm':'ss	34=n. Chr	35=Sunntag|Mäntag|Zištag|Mittwuč|Fróntag|Fritag|Samštag	36=Sun|Män|Ziš|Mit|Fró|Fri|Sam	37=Jenner|Hornig|Märze|Abrille|Meije|Bráčet|Heiwet|Öigšte|Herbštmánet|Wímánet|Wintermánet|Chrištmánet	38=Jen|Hor|Mär|Abr|Mei|Brá|Hei|Öig|Her|Wím|Win|Chr	39=Jenner|Hornig|Märze|Abrille|Meije|Bráčet|Heiwet|Öigšte|Herbštmánet|Wímánet|Wintermánet|Chrištmánet	40=Jen|Hor|Mär|Abr|Mei|Brá|Hei|Öig|Her|Wím|Win|Chr
wo	<fr	7=CFA	35=Dibéer|Altine|Talaata|Àllarba|Alxames|Àjjuma|Gaawu	36=Dib.|Alt.|Tal.|Àll.|Alx.|Àjj.|Gaa.	37=Samwiye|Fewriye|Maars|Awril|Me|Suwe|Sullet|Ut|Septàmbar|Oktoobar|Noowàmbar|Desàmbar	38=Sam.|Few.|Maa|Awr.|Me|Suw|Sul.|Ut|Sept.|Okt.|Now.|Des.	39=Samwiye|Fewriye|Maars|Awril|Me|Suwe|Sullet|Ut|Septàmbar|Oktoobar|Noowàmbar|Deesàmbar	40=Sam.|Few.|Maa|Awr.|Me|Suw|Sul.|Ut|Sept.|Okt.|Now.|Des.
xh	<sn	1= 	7=R	9= 	16= 	35=Cawe|Mvulo|Lwesibini|Lwesithathu|Lwesine|Lwesihlanu|Mgqibelo	36=Caw|Mvu|Bin|Tha|Sin|Hla|Mgq	37=Janyuwari|Februwari|Matshi|Epreli|Meyi|Juni|Julayi|Agasti|Septemba|Okthoba|Novemba|Disemba	38=Jan|Feb|Mat|Epr|Mey|Jun|Jul|Aga|Sep|Okt|Nov|Dis	39=Janyuwari|Februwari|Matshi|Epreli|Meyi|Juni|Julayi|Agasti|Septemba|Okthoba|Novemba|Disemba	40=Jan|Feb|Mat|Epr|Mey|Jun|Jul|Aga|Sep|Okt|Nov|Dis
xnr	<bgc
xog	<lg	12=3	13=8	30=Munkyo	31=Eigulo	34=AF	35=Sabiiti|Balaza|Owokubili|Owokusatu|Olokuna|Olokutaanu|Olomukaaga	36=Sabi|Bala|Kubi|Kusa|Kuna|Kuta|Muka
xx	<bgc
yav	<ewo	30=kiɛmɛ́ɛm	31=kisɛ́ndɛ	34=+J.C.	35=sɔ́ndiɛ|móndie|muányáŋmóndie|metúkpíápɛ|kúpélimetúkpiapɛ|feléte|séselé	36=sd|md|mw|et|kl|fl|ss	37=pikítíkítie, oólí ú kutúan|siɛyɛ́, oóli ú kándíɛ|ɔnsúmbɔl, oóli ú kátátúɛ|mesiŋ, oóli ú kénie|ensil, oóli ú kátánuɛ|ɔsɔn|efute|pisuyú|imɛŋ i puɔs|imɛŋ i putúk,oóli ú kátíɛ|makandikɛ|pilɔndɔ́	38=o.1|o.2|o.3|o.4|o.5|o.6|o.7|o.8|o.9|o.10|o.11|o.12	39=pikítíkítie, oólí ú kutúan|siɛyɛ́, oóli ú kándíɛ|ɔnsúmbɔl, oóli ú kátátúɛ|mesiŋ, oóli ú kénie|ensil, oóli ú kátánuɛ|ɔsɔn|efute|pisuyú|imɛŋ i puɔs|imɛŋ i putúk,oóli ú kátíɛ|makandikɛ|pilɔndɔ́	40=o.1|o.2|o.3|o.4|o.5|o.6|o.7|o.8|o.9|o.10|o.11|o.12
yi	<lag	7=XDR	24=dddd, d'טן' MMMM yyyy	27=dddd, d'טן' MMMM yyyy HH':'mm':'ss	30=פֿאַרמיטאָג	31=נאָכמיטאָג	34=CE	35=זונטיק|מאָנטיק|דינסטיק|מיטוואך|דאנערשטיק|פֿרײַטיק|שבת	36=זונטיק|מאָנטיק|דינסטיק|מיטוואך|דאנערשטיק|פֿרײַטיק|שבת	37=יאַנואַר|פֿעברואַר|מערץ|אַפּריל|מיי|יוני|יולי|אויגוסט|סעפּטעמבער|אקטאבער|נאוועמבער|דעצעמבער	38=יאַנ|פֿעב|מערץ|אַפּר|מיי|יוני|יולי|אויג|סעפּ|אקט|נאוו|דעצ	39=יאַנואַר|פֿעברואַר|מערץ|אַפּריל|מיי|יוני|יולי|אויגוסט|סעפּטעמבער|אקטאבער|נאוועמבער|דעצעמבער	40=יאַנ|פֿעב|מערץ|אַפּר|מיי|יוני|יולי|אויג|סעפּ|אקט|נאוו|דעצ
yo	<ig	24=dddd, d MMM yyyy	25=H':'m	26=H':'m':'s	27=dddd, d MMM yyyy H':'m':'s	30=Àárọ̀	31=Ọ̀sán	34=CE	35=Ọjọ́ Àìkú|Ọjọ́ Ajé|Ọjọ́ Ìsẹ́gun|Ọjọ́rú|Ọjọ́bọ|Ọjọ́ Ẹtì|Ọjọ́ Àbámẹ́ta	36=Àìk|Aj|Ìsẹ́g|Ọjọ́r|Ọjọ́b|Ẹt|Àbám	37=Ṣẹ́rẹ́|Èrèlè|Ẹrẹ̀nà|Ìgbé|Ẹ̀bibi|Òkúdu|Agẹmọ|Ògún|Owewe|Ọ̀wàrà|Bélú|Ọ̀pẹ̀	38=Ṣẹ́|Èr|Ẹr|Ìg|Ẹ̀b|Òk|Ag|Òg|Ow|Ọ̀w|Bé|Ọ̀p	39=Oṣù Ṣẹ́rẹ́|Oṣù Èrèlè|Oṣù Ẹrẹ̀nà|Oṣù Ìgbé|Oṣù Ẹ̀bibi|Oṣù Òkúdu|Oṣù Agẹmọ|Oṣù Ògún|Oṣù Owewe|Oṣù Ọ̀wàrà|Oṣù Bélú|Oṣù Ọ̀pẹ̀	40=Ṣẹ́|Èr|Ẹr|Ìg|Ẹ̀b|Òk|Ag|Òg|Ow|Ọ̀w|Bé|Ọ̀p
yrl	<bgc
yue	<bgc
za	<bgc
zgh	<shi	19=0	20=0	28=MMMM d	29=yyyy MMMM	35=ⴰⵙⴰⵎⴰⵙ|ⴰⵢⵏⴰⵙ|ⴰⵙⵉⵏⴰⵙ|ⴰⴽⵕⴰⵙ|ⴰⴽⵡⴰⵙ|ⴰⵙⵉⵎⵡⴰⵙ|ⴰⵙⵉⴹⵢⴰⵙ
zh	<ii	24=yyyy'年'MMMd'日'	25=H':'mm	26=H':'mm':'ss	27=yyyy'年'MMMd'日' H':'mm':'ss	28=MMMd'日'	29=yyyy'年'MMM	30=上午	31=下午	34=公元	35=星期日|星期一|星期二|星期三|星期四|星期五|星期六	36=周日|周一|周二|周三|周四|周五|周六	37=一月|二月|三月|四月|五月|六月|七月|八月|九月|十月|十一月|十二月	38=1月|2月|3月|4月|5月|6月|7月|8月|9月|10月|11月|12月	39=一月|二月|三月|四月|五月|六月|七月|八月|九月|十月|十一月|十二月	40=1月|2月|3月|4月|5月|6月|7月|8月|9月|10月|11月|12月
zu	<fil	7=R	25=HH':'mm	26=HH':'mm':'ss	27=dddd, MMMM d, yyyy HH':'mm':'ss	35=ISonto|UMsombuluko|ULwesibili|ULwesithathu|ULwesine|ULwesihlanu|UMgqibelo	36=Son|Mso|Bil|Tha|Sin|Hla|Mgq	37=Januwari|Februwari|Mashi|Ephreli|Meyi|Juni|Julayi|Agasti|Septhemba|Okthoba|Novemba|Disemba	38=Jan|Feb|Mas|Eph|Mey|Jun|Jul|Aga|Sep|Okt|Nov|Dis	39=Januwari|Februwari|Mashi|Ephreli|Meyi|Juni|Julayi|Agasti|Septhemba|Okthoba|Novemba|Disemba	40=Jan|Feb|Mas|Eph|Mey|Jun|Jul|Aga|Sep|Okt|Nov|Dis
af-NA	<af	7=$	24=dddd d MMMM yyyy	25=h':'mm tt	26=h':'mm':'ss tt	27=dddd d MMMM yyyy h':'mm':'ss tt
af-ZA	<af
agq-CM	<agq
ak-GH	<ak
am-ET	<am
ar-001	<to	7=XDR	24=dddd، d MMMM yyyy	27=dddd، d MMMM yyyy h':'mm':'ss tt	30=ص	31=م	34=م	35=الأحد|الاثنين|الثلاثاء|الأربعاء|الخميس|الجمعة|السبت	36=الأحد|الاثنين|الثلاثاء|الأربعاء|الخميس|الجمعة|السبت	37=يناير|فبراير|مارس|أبريل|مايو|يونيو|يوليو|أغسطس|سبتمبر|أكتوبر|نوفمبر|ديسمبر	38=يناير|فبراير|مارس|أبريل|مايو|يونيو|يوليو|أغسطس|سبتمبر|أكتوبر|نوفمبر|ديسمبر	39=يناير|فبراير|مارس|أبريل|مايو|يونيو|يوليو|أغسطس|سبتمبر|أكتوبر|نوفمبر|ديسمبر	40=يناير|فبراير|مارس|أبريل|مايو|يونيو|يوليو|أغسطس|سبتمبر|أكتوبر|نوفمبر|ديسمبر
ar-AE	<ar-001	7=د.إ.‏	12=3	13=8	23=dd'/'MM'/'yyyy	24=dd MMMM, yyyy	25=hh':'mm tt	26=hh':'mm':'ss tt	27=dd MMMM, yyyy hh':'mm':'ss tt	28=dd MMMM	29=MMMM, yyyy	35=الأحد|الإثنين|الثلاثاء|الأربعاء|الخميس|الجمعة|السبت	36=الأحد|الإثنين|الثلاثاء|الأربعاء|الخميس|الجمعة|السبت
ar-BH	<ar-AE	7=د.ب.‏	11=3	34=A.D.	38=يناير|فبراير|مارس|ابريل|مايو|يونيو|يوليو|اغسطس|سبتمبر|اكتوبر|نوفمبر|ديسمبر	40=يناير|فبراير|مارس|ابريل|مايو|يونيو|يوليو|اغسطس|سبتمبر|اكتوبر|نوفمبر|ديسمبر
ar-DJ	<ar-001	7=Fdj	11=0
ar-DZ	<ar-AE	7=د.ج.‏	23=dd-MM-yyyy	25=H':'mm	26=H':'mm':'ss	27=dd MMMM, yyyy H':'mm':'ss	32=-	34=A.D.	37=جانفييه|فيفرييه|مارس|أفريل|مي|جوان|جوييه|أوت|سبتمبر|أكتوبر|نوفمبر|ديسمبر	38=جانفييه|فيفرييه|مارس|أفريل|مي|جوان|جوييه|أوت|سبتمبر|أكتوبر|نوفمبر|ديسمبر	39=جانفييه|فيفرييه|مارس|أفريل|مي|جوان|جوييه|أوت|سبتمبر|أكتوبر|نوفمبر|ديسمبر	40=جانفييه|فيفرييه|مارس|أفريل|مي|جوان|جوييه|أوت|سبتمبر|أكتوبر|نوفمبر|ديسمبر
ar-EG	<ar-AE	7=ج.م.‏	34=A.D.
ar-EH	<ar	7=¤
ar-ER	<ar-001	7=Nfk
ar-IL	<ar-001	7=₪	25=H':'mm	26=H':'mm':'ss	27=dddd، d MMMM yyyy H':'mm':'ss
ar-IQ	<ar-EG	7=د.ع.‏	37=كانون الثاني|شباط|آذار|نيسان|أيار|حزيران|تموز|آب|أيلول|تشرين الأول|تشرين الثاني|كانون الأول	38=كانون الثاني|شباط|آذار|نيسان|أيار|حزيران|تموز|آب|أيلول|تشرين الأول|تشرين الثاني|كانون الأول	39=كانون الثاني|شباط|آذار|نيسان|أيار|حزيران|تموز|آب|أيلول|تشرين الأول|تشرين الثاني|كانون الأول	40=كانون الثاني|شباط|آذار|نيسان|أيار|حزيران|تموز|آب|أيلول|تشرين الأول|تشرين الثاني|كانون الأول
ar-JO	<ar-IQ	7=د.ا.‏	11=3
ar-KM	<ar-DJ	7=CF	25=HH':'mm	26=HH':'mm':'ss	27=dddd، d MMMM yyyy HH':'mm':'ss
ar-KW	<ar-EG	7=د.ك.‏	11=3
ar-LB	<ar-IQ	7=ل.ل.‏
ar-LY	<ar-KW	7=د.ل.‏
ar-MA	<ar-DZ	7=د.م.‏	37=يناير|فبراير|مارس|أبريل|ماي|يونيو|يوليوز|غشت|شتنبر|أكتوبر|نونبر|دجنبر	38=يناير|فبراير|مارس|أبريل|ماي|يونيو|يوليوز|غشت|شتنبر|أكتوبر|نونبر|دجنبر	39=يناير|فبراير|مارس|أبريل|ماي|يونيو|يوليوز|غشت|شتنبر|أكتوبر|نونبر|دجنبر	40=يناير|فبراير|مارس|أبريل|ماي|يونيو|يوليوز|غشت|شتنبر|أكتوبر|نونبر|دجنبر
ar-MR	<ar-001	0=,	1=.	7=أ.م.	8=,	9=.	15=,	16=.	37=يناير|فبراير|مارس|إبريل|مايو|يونيو|يوليو|أغشت|شتمبر|أكتوبر|نوفمبر|دجمبر	38=يناير|فبراير|مارس|إبريل|مايو|يونيو|يوليو|أغشت|شتمبر|أكتوبر|نوفمبر|دجمبر	39=يناير|فبراير|مارس|إبريل|مايو|يونيو|يوليو|أغشت|شتمبر|أكتوبر|نوفمبر|دجمبر	40=يناير|فبراير|مارس|إبريل|مايو|يونيو|يوليو|أغشت|شتمبر|أكتوبر|نوفمبر|دجمبر
ar-OM	<ar-KW	7=ر.ع.‏
ar-PS	<ar-001	7=₪	37=كانون الثاني|شباط|آذار|نيسان|أيار|حزيران|تموز|آب|أيلول|تشرين الأول|تشرين الثاني|كانون الأول	38=كانون الثاني|شباط|آذار|نيسان|أيار|حزيران|تموز|آب|أيلول|تشرين الأول|تشرين الثاني|كانون الأول	39=كانون الثاني|شباط|آذار|نيسان|أيار|حزيران|تموز|آب|أيلول|تشرين الأول|تشرين الثاني|كانون الأول	40=كانون الثاني|شباط|آذار|نيسان|أيار|حزيران|تموز|آب|أيلول|تشرين الأول|تشرين الثاني|كانون الأول
ar-QA	<ar-EG	7=ر.ق.‏
ar-SA	<ar
ar-SD	<ar-001	7=ج.س.
ar-SO	<ar-DJ	7=S	14=٪
ar-SS	<ar-001	7=£
ar-SY	<ar-IQ	7=ل.س.‏
ar-TD	<ar-DJ	7=FCFA
ar-TN	<ar-DZ	7=د.ت.‏	11=3
ar-YE	<ar-EG	7=ر.ي.‏
arn-CL	<es	7=$	12=2	13=9	23=dd-MM-yyyy	24=dddd, dd 'de' MMMM 'de' yyyy	27=dddd, dd 'de' MMMM 'de' yyyy H':'mm':'ss	32=-	34=d.C.	35=Kiñe Ante|Epu Ante|Kila Ante|Meli Ante|Kechu Ante|Cayu Ante|Regle Ante	36=Kiñe|Epu|Kila|Meli|Kechu|Cayu|Regle	37=Kiñe Tripantu|Epu|Kila|Meli|Kechu|Cayu|Regle|Purha|Aiya|Marhi|Marhi Kiñe|Marhi Epu	38=Kiñe Tripantu|Epu|Kila|Meli|Kechu|Cayu|Regle|Purha|Aiya|Marhi|Marhi Kiñe|Marhi Epu	39=Kiñe Tripantu|Epu|Kila|Meli|Kechu|Cayu|Regle|Purha|Aiya|Marhi|Marhi Kiñe|Marhi Epu	40=Kiñe Tripantu|Epu|Kila|Meli|Kechu|Cayu|Regle|Purha|Aiya|Marhi|Marhi Kiñe|Marhi Epu
as-IN	<as
asa-TZ	<asa
ast-ES	<ast
az-Cyrl	<ru	7=₼	24=d MMMM yyyy	26=HH':'mm':'ss	27=d MMMM yyyy HH':'mm':'ss	28=MMMM d	34=бизим ера	35=базар|базар ертәси|чәршәнбә ахшамы|чәршәнбә|ҹүмә ахшамы|ҹүмә|шәнбә	36=Б|Бе|Ча|Ч|Ҹа|Ҹ|Ш	37=jанвар|феврал|март|апрел|мај|ијун|ијул|август|сентјабр|октјабр|нојабр|декабр	38=Јан|Фев|Мар|Апр|Мај|Ијун|Ијул|Авг|Сен|Окт|Ноя|Дек	39=јанвар|феврал|март|апрел|мај|ијун|ијул|август|сентјабр|октјабр|нојабр|декабр	40=Јан|Фев|Мар|Апр|Мај|Ијун|Ијул|Авг|Сен|Окт|Ноя|Дек
az-Latn	<az
ba-RU	<ru	23=dd.MM.yy	24=d MMMM yyyy 'й'	27=d MMMM yyyy 'й' H':'mm':'ss	34=Беҙҙең эраның	35=Йәкшәмбе|Дүшәмбе|Шишәмбе|Шаршамбы|Кесаҙна|Йома|Шәмбе	36=Йш|Дш|Шш|Шр|Кс|Йм|Шб	37=ғинуар|февраль|март|апрель|май|июнь|июль|август|сентябрь|октябрь|ноябрь|декабрь	38=ғин|фев|мар|апр|май|июн|июл|авг|сен|окт|ноя|дек	39=ғинуар|февраль|март|апрель|май|июнь|июль|август|сентябрь|октябрь|ноябрь|декабрь	40=ғин|фев|мар|апр|май|июн|июл|авг|сен|окт|ноя|дек
bas-CM	<bas
be-BY	<be
bem-ZM	<bem
bez-TZ	<bez
bg-BG	<bg
bgc-IN	<bgc	7=₹
bho-IN	<bgc-IN
bin-NG	<en	7=₦	12=2	13=1	23=d'/'M'/'yyyy	24=dddd, MMMM dd, yyyy	25=h':'mmtt	27=dddd, MMMM dd, yyyy h':'mm':'ss tt	28=MMMM dd	29=yyyy MMMM	34=AD
blo-BJ	<bgc	7=CFA
bm-ML	<bm
bn-BD	<bn
bn-IN	<or	25=HH.mm	26=HH.mm.ss	27=dd MMMM yyyy HH.mm.ss	28=d MMMM	33=.	34=A.D.	35=রবিবার|সোমবার|মঙ্গলবার|বুধবার|বৃহস্পতিবার|শুক্রবার|শনিবার	36=রবি.|সোম.|মঙ্গল.|বুধ.|বৃহস্পতি.|শুক্র.|শনি.	37=জানুয়ারী|ফেব্রুয়ারী|মার্চ|এপ্রিল|মে|জুন|জুলাই|আগস্ট|সেপ্টেম্বর|অক্টোবর|নভেম্বর|ডিসেম্বর	38=জানু.|ফেব্রু.|মার্চ|এপ্রিল|মে|জুন|জুলাই|আগ.|সেপ্টে.|অক্টো.|নভে.|ডিসে.	39=জানুয়ারী|ফেব্রুয়ারী|মার্চ|এপ্রিল|মে|জুন|জুলাই|আগস্ট|সেপ্টেম্বর|অক্টোবর|নভেম্বর|ডিসেম্বর	40=জানু.|ফেব্রু.|মার্চ|এপ্রিল|মে|জুন|জুলাই|আগ.|সেপ্টে.|অক্টো.|নভে.|ডিসে.
bo-CN	<bo
bo-IN	<lkt	7=₹	23=yyyy-MM-dd	24=yyyy MMMM'འ'ི་'ཚ'ེ'ས'་d, dddd	27=yyyy MMMM'འ'ི་'ཚ'ེ'ས'་d, dddd h':'mm':'ss tt	28=MMMM'འ'ི་'ཚ'ེ'ས'་d	30=སྔ་དྲོ་	31=ཕྱི་དྲོ་	32=-	34=སྤྱི་ལོ་	35=གཟའ་ཉི་མ་|གཟའ་ཟླ་བ་|གཟའ་མིག་དམར་|གཟའ་ལྷག་པ་|གཟའ་ཕུར་བུ་|གཟའ་པ་སངས་|གཟའ་སྤེན་པ་	36=ཉི་མ་|ཟླ་བ་|མིག་དམར་|ལྷག་པ་|ཕུར་བུ་|པ་སངས་|སྤེན་པ་	37=ཟླ་བ་དང་པོ་|ཟླ་བ་གཉིས་པ་|ཟླ་བ་གསུམ་པ་|ཟླ་བ་བཞི་པ་|ཟླ་བ་ལྔ་པ་|ཟླ་བ་དྲུག་པ་|ཟླ་བ་བདུན་པ་|ཟླ་བ་བརྒྱད་པ་|ཟླ་བ་དགུ་པ་|ཟླ་བ་བཅུ་པ་|ཟླ་བ་བཅུ་གཅིག་པ་|ཟླ་བ་བཅུ་གཉིས་པ་	38=ཟླ་༡|ཟླ་༢|ཟླ་༣|ཟླ་༤|ཟླ་༥|ཟླ་༦|ཟླ་༧|ཟླ་༨|ཟླ་༩|ཟླ་༡༠|ཟླ་༡༡|ཟླ་༡༢	39=ཟླ་བ་དང་པོ|ཟླ་བ་གཉིས་པ|ཟླ་བ་གསུམ་པ|ཟླ་བ་བཞི་པ|ཟླ་བ་ལྔ་པ|ཟླ་བ་དྲུག་པ|ཟླ་བ་བདུན་པ|ཟླ་བ་བརྒྱད་པ|ཟླ་བ་དགུ་པ|ཟླ་བ་བཅུ་པ|ཟླ་བ་བཅུ་གཅིག་པ|ཟླ་བ་བཅུ་གཉིས་པ	40=ཟླ་༡|ཟླ་༢|ཟླ་༣|ཟླ་༤|ཟླ་༥|ཟླ་༦|ཟླ་༧|ཟླ་༨|ཟླ་༩|ཟླ་༡༠|ཟླ་༡༡|ཟླ་༡༢
br-FR	<br
brx-IN	<brx
bs-Cyrl	<hr	7=КМ	19=1	20=1	23=d.M.yyyy	24=d. MMMM yyyy	27=d. MMMM yyyy H':'mm':'ss	28=MMMM dd	34=н.е.	35=недјеља|понедјељак|уторак|сриједа|четвртак|петак|субота	36=нед|пон|уто|сре|чет|пет|суб	37=јануар|фебруар|март|април|мај|јун|јул|август|септембар|октобар|новембар|децембар	38=јан|феб|мар|апр|мај|јун|јул|авг|сеп|окт|нов|дец	39=јануар|фебруар|март|април|мај|јун|јул|август|септембар|октобар|новембар|децембар	40=јан|феб|мар|апр|мај|јун|јул|авг|сеп|окт|нов|дец
bs-Latn	<bs
ca-AD	<ca
ca-ES	<ca
ca-FR	<ca
ca-IT	<ca
ccp-BD	<ccp
ccp-IN	<ccp	7=₹
ce-RU	<ce
ceb-PH	<ceb
cgg-UG	<cgg
chr-US	<chr
ckb-IQ	<ckb
ckb-IR	<lrc	30=ب.ن	31=د.ن	41=yyyy MMMM d, dddd HH':'mm':'ss	42=کانوونی دووەم|شوبات|ئازار|نیسان|ئایار|حوزەیران|تەمووز|ئاب|ئەیلوول|تشرینی یەکەم|تشرینی دووەم|کانونی یەکەم	43=یەکشەممە|دووشەممە|سێشەممە|چوارشەممە|پێنجشەممە|ھەینی|شەممە
co-FR	<fr	26=H':'mm':'ss	27=dddd d MMMM yyyy H':'mm':'ss	28=d 'di' MMMM	29=MMMM 'di' 'u' yyyy	34=dopu à Cristu	35=dumenica|luni|marti|mercuri|ghjovi|venneri|sabbatu	36=dum.|lun.|mar.|mer.|ghj.|ven.|sab.	37=ghjennaghju|ferraghju|marzu|aprile|maghju|ghjunghju|lugliu|aostu|settembre|ottobre|nuvembre|dicembre	38=ghje|ferr|marz|apri|magh|ghju|lugl|aost|sett|otto|nuve|dice	39=ghjennaghju|ferraghju|marzu|aprile|maghju|ghjunghju|lugliu|aostu|settembre|ottobre|nuvembre|dicembre	40=ghje|ferr|marz|apri|magh|ghju|lugl|aost|sett|otto|nuve|dice
cs-CZ	<cs
csw-CA	<bgc	7=$
cv-RU	<bgc	7=₽
cy-GB	<cy
da-DK	<da
da-GL	<da	23=dd.MM.yyyy	24=dddd 'den' d. MMMM yyyy	25=HH.mm	26=HH.mm.ss	27=dddd 'den' d. MMMM yyyy HH.mm.ss	30=AM	31=PM	32=.	33=.	34=e.Kr.	36=søn.|man.|tir.|ons.|tor.|fre.|lør.	38=jan.|feb.|mar.|apr.|maj|jun.|jul.|aug.|sep.|okt.|nov.|dec.	40=jan.|feb.|mar.|apr.|maj|jun.|jul.|aug.|sep.|okt.|nov.|dec.
dav-KE	<dav
de-AT	<de	1= 	12=2	13=9	16= 	30=AM	31=PM	36=So.|Mo.|Di.|Mi.|Do.|Fr.|Sa.	37=Jänner|Februar|März|April|Mai|Juni|Juli|August|September|Oktober|November|Dezember	38=Jän|Feb|Mär|Apr|Mai|Jun|Jul|Aug|Sep|Okt|Nov|Dez	39=Jänner|Februar|März|April|Mai|Juni|Juli|August|September|Oktober|November|Dezember	40=Jän|Feb|Mär|Apr|Mai|Jun|Jul|Aug|Sep|Okt|Nov|Dez
de-BE	<de	30=AM	31=PM	36=So.|Mo.|Di.|Mi.|Do.|Fr.|Sa.	38=Jan|Feb|Mär|Apr|Mai|Jun|Jul|Aug|Sep|Okt|Nov|Dez	40=Jan|Feb|Mär|Apr|Mai|Jun|Jul|Aug|Sep|Okt|Nov|Dez
de-CH	<gsw	12=2	13=2	19=1	20=1	30=AM	31=PM	35=Sonntag|Montag|Dienstag|Mittwoch|Donnerstag|Freitag|Samstag	36=So.|Mo.|Di.|Mi.|Do.|Fr.|Sa.	37=Januar|Februar|März|April|Mai|Juni|Juli|August|September|Oktober|November|Dezember	39=Januar|Februar|März|April|Mai|Juni|Juli|August|September|Oktober|November|Dezember
de-DE	<de
de-IT	<de-AT	1=.	12=3	13=8	16=.
de-LI	<de-CH	13=9
de-LU	<de-BE
de-QQ	<de	7=¤
de-US	<de	7=$
dje-NE	<dje
doi-IN	<bgc-IN
dsb-DE	<dsb
dua-CM	<dua
dv-MV	<bgc	7=ރ.	12=3	13=10	23=dd'/'MM'/'yy	24=dddd, yyyy MMMM dd	27=dddd, yyyy MMMM dd HH':'mm':'ss	29=yyyy, MMMM	30=މކ	31=މފ	34=މީލާދީ	35=އާދީއްތަ|ހޯމަ|އަންގާރަ|ބުދަ|ބުރާސްފަތި|ހުކުރު|ހޮނިހިރު	36=އާދީއްތަ|ހޯމަ|އަންގާރަ|ބުދަ|ބުރާސްފަތި|ހުކުރު|ހޮނިހިރު	37=ޖަނަވަރީ|ފެބްރުއަރީ|މާރޗް|އޭޕްރިލް|މެއި|ޖޫން|ޖުލައި|އޮގަސްޓް|ސެޕްޓެމްބަރ|އޮކްޓޯބަރ|ނޮވެމްބަރ|ޑިސެމްބަރ	38=ޖަނަވަރީ|ފެބްރުއަރީ|މާރޗް|އޭޕްރިލް|މެއި|ޖޫން|ޖުލައި|އޮގަސްޓް|ސެޕްޓެމްބަރ|އޮކްޓޯބަރ|ނޮވެމްބަރ|ޑިސެމްބަރ	39=ޖަނަވަރީ|ފެބްރުއަރީ|މާރޗް|އޭޕްރިލް|މެއި|ޖޫން|ޖުލައި|އޮގަސްޓް|ސެޕްޓެމްބަރ|އޮކްޓޯބަރ|ނޮވެމްބަރ|ޑިސެމްބަރ	40=ޖަނަވަރީ|ފެބްރުއަރީ|މާރޗް|އޭޕްރިލް|މެއި|ޖޫން|ޖުލައި|އޮގަސްޓް|ސެޕްޓެމްބަރ|އޮކްޓޯބަރ|ނޮވެމްބަރ|ޑިސެމްބަރ
dyo-SN	<dyo
dz-BT	<dz
ebu-KE	<ebu
ee-GH	<ee
ee-TG	<ee	7=CFA	11=0	25=HH':'mm	26=HH':'mm':'ss	27=dddd, MMMM d 'lia' yyyy HH':'mm':'ss
el-CY	<el	30=π.μ.	31=μ.μ.	36=Κυρ|Δευ|Τρί|Τετ|Πέμ|Παρ|Σάβ	38=Ιαν|Φεβ|Μάρ|Απρ|Μάι|Ιούν|Ιούλ|Αύγ|Σεπ|Οκτ|Νοέ|Δεκ	40=Ιαν|Φεβ|Μάρ|Απρ|Μάι|Ιούν|Ιούλ|Αύγ|Σεπ|Οκτ|Νοέ|Δεκ
el-GR	<el
en-001	<naq	7=XDR	28=d MMMM	30=am	31=pm	35=Sunday|Monday|Tuesday|Wednesday|Thursday|Friday|Saturday	36=Sun|Mon|Tue|Wed|Thu|Fri|Sat	37=January|February|March|April|May|June|July|August|September|October|November|December	39=January|February|March|April|May|June|July|August|September|October|November|December
en-029	<bgc	7=EC$	13=1	23=dd'/'MM'/'yyyy	28=d MMMM	29=MMMM, yyyy
en-150	<en-001	12=3	13=8	25=HH':'mm	26=HH':'mm':'ss	27=dddd, d MMMM yyyy HH':'mm':'ss
en-AE	<en-001	7=AED	30=AM	31=PM
en-AG	<en-001	7=$
en-AI	<en-150	7=$	12=0	13=1
en-AS	<en	13=1	34=AD
en-AT	<en-150	0=,	1=.	7=€	8=,	9=.	12=2	13=9	15=,	16=.	19=0	20=0
en-AU	<en-AE	7=$	23=d'/'MM'/'yyyy	34=A.D.
en-BB	<en-AG
en-BE	<en-AT	12=3	13=8	19=1	20=1
en-BI	<en-AS	7=FBu	11=0	25=HH':'mm	26=HH':'mm':'ss	27=dddd, MMMM d, yyyy HH':'mm':'ss
en-BM	<en-AG
en-BS	<en-AG
en-BW	<en-AI	7=P	24=dddd, dd MMMM yyyy	27=dddd, dd MMMM yyyy HH':'mm':'ss
en-BZ	<en-BW	7=$
en-CA	<en-AU	23=yyyy-MM-dd	24=MMMM d, yyyy	27=MMMM d, yyyy h':'mm':'ss tt	29=MMMM, yyyy	32=-
en-CC	<en-AI
en-CH	<en-150	1=’	7=CHF	9=’	12=2	13=2	16=’
en-CK	<en-AI
en-CM	<en-AI	7=FCFA	11=0
en-CX	<en-AI
en-CY	<en-001	7=€
en-DE	<en-AT	12=3	13=8
en-DG	<en	7=¤
en-DK	<en-DE	7=kr.	25=HH.mm	26=HH.mm.ss	27=dddd, d MMMM yyyy HH.mm.ss	33=.
en-DM	<en-AG
en-ER	<en-001	7=Nfk
en-FI	<en-DE	1= 	9= 	16= 	25=H.mm	26=H.mm.ss	27=dddd, d MMMM yyyy H.mm.ss	33=.
en-FJ	<en-AG
en-FK	<en-AI	7=£
en-FM	<en-001	7=US$
en-FR	<en	7=€
en-GB	<en-FK	24=dd MMMM yyyy	27=dd MMMM yyyy HH':'mm':'ss	30=AM	31=PM	34=A.D.
en-GD	<en-AG
en-GG	<en-FK
en-GH	<en-001	7=GH₵
en-GI	<en-FK
en-GM	<en-001	7=D
en-GU	<en-AS
en-GY	<en-AG
en-HK	<en-AG	23=d'/'M'/'yyyy
en-ID	<en-BE	7=Rp	11=0	12=0	13=1	24=dd MMMM yyyy	25=H':'mm	27=dd MMMM yyyy HH':'mm':'ss	28=dd MMMM	30=AM	31=PM
en-IE	<en-AI	7=€	24=dddd d MMMM yyyy	27=dddd d MMMM yyyy HH':'mm':'ss
en-IL	<en-001	7=₪	25=H':'mm	26=H':'mm':'ss	27=dddd, d MMMM yyyy H':'mm':'ss
en-IM	<en-FK
en-IN	<kok	28=d MMMM	30=AM	31=PM	35=Sunday|Monday|Tuesday|Wednesday|Thursday|Friday|Saturday	36=Sun|Mon|Tue|Wed|Thu|Fri|Sat	37=January|February|March|April|May|June|July|August|September|October|November|December	38=Jan|Feb|Mar|Apr|May|Jun|Jul|Aug|Sep|Oct|Nov|Dec	39=January|February|March|April|May|June|July|August|September|October|November|December	40=Jan|Feb|Mar|Apr|May|Jun|Jul|Aug|Sep|Oct|Nov|Dec
en-IO	<en-AI	7=US$
en-JE	<en-FK
en-JM	<en-HK
en-KE	<en-AI	7=Ksh
en-KI	<en-AG
en-KN	<en-AG
en-KY	<en-AG
en-LC	<en-AG
en-LR	<en-AG
en-LS	<en-001	7=R
en-MG	<en-CM	7=Ar
en-MH	<en-AS
en-MO	<en-001	7=MOP$
en-MP	<en-AS
en-MS	<en-AI
en-MT	<en-AI	7=€
en-MU	<en-AI	7=Rs
en-MV	<en	7=ރ.
en-MW	<en-001	7=MK
en-MY	<en-AU	7=RM	23=d'/'M'/'yyyy	24=dddd, d MMMM, yyyy	27=dddd, d MMMM, yyyy h':'mm':'ss tt	29=MMMM, yyyy
en-NA	<en-AG
en-NF	<en-AI
en-NG	<en-AI	7=₦
en-NL	<en-BE	12=2	13=12
en-NR	<en-AI
en-NU	<en-AI
en-NZ	<en-AG	23=d'/'MM'/'yyyy
en-PG	<en-001	7=K
en-PH	<en-001	7=₱
en-PK	<en-001	7=Rs
en-PN	<en-AI
en-PR	<en-AS
en-PW	<en-FM
en-QQ	<en-DG
en-RW	<en-CM	7=RF
en-SB	<en-AG
en-SC	<en-AI	7=SR
en-SD	<en-001	7=SDG
en-SE	<en-DE	1= 	7=kr	9= 	16= 	23=yyyy-MM-dd	32=-
en-SG	<en-HK
en-SH	<en-FK
en-SI	<en-BE	13=15
en-SL	<en-001	7=Le	11=0
en-SS	<en-001	7=£
en-SX	<en-AI	7=NAf.
en-SZ	<en-001	7=E
en-TC	<en-FM
en-TK	<en-AI
en-TO	<en-001	7=T$
en-TT	<en-AG
en-TV	<en-AI
en-TZ	<en-AI	7=TSh
en-UG	<en-CM	7=USh
en-UM	<en-AS
en-US	<en
en-VC	<en-AG
en-VG	<en-FM
en-VI	<en-AS
en-VU	<en-SL	7=VT
en-WS	<en-001	7=WS$
en-XX	<en-DG
en-ZA	<en-BW	0=,	1= 	7=R	8=,	9= 	15=,	16= 	23=yyyy'/'MM'/'dd
en-ZM	<en-PG
en-ZW	<en-BW	7=US$	23=d'/'M'/'yyyy
eo-001	<eo
es-419	<gv	7=XDR	19=0	20=0	23=d'/'M'/'yyyy	24=dddd, d 'de' MMMM 'de' yyyy	27=dddd, d 'de' MMMM 'de' yyyy HH':'mm':'ss	28=d 'de' MMMM	29=MMMM 'de' yyyy	34=d. C.	35=domingo|lunes|martes|miércoles|jueves|viernes|sábado	36=dom.|lun.|mar.|mié.|jue.|vie.|sáb.	37=enero|febrero|marzo|abril|mayo|junio|julio|agosto|septiembre|octubre|noviembre|diciembre	38=ene.|feb.|mar.|abr.|may.|jun.|jul.|ago.|sep.|oct.|nov.|dic.	39=enero|febrero|marzo|abril|mayo|junio|julio|agosto|septiembre|octubre|noviembre|diciembre	40=ene.|feb.|mar.|abr.|may.|jun.|jul.|ago.|sep.|oct.|nov.|dic.
es-AR	<es	7=$	12=2	13=9	23=d'/'M'/'yyyy	25=HH':'mm	26=HH':'mm':'ss	27=dddd, d 'de' MMMM 'de' yyyy HH':'mm':'ss	30=a. m.	31=p. m.	36=dom.|lun.|mar.|mié.|jue.|vie.|sáb.
es-BO	<es-AR	7=Bs	12=0	13=1
es-BR	<es-419	7=R$
es-BZ	<es-419	7=$
es-CL	<es-AR	11=0	12=0	13=2	23=dd-MM-yyyy	25=H':'mm	26=H':'mm':'ss	27=dddd, d 'de' MMMM 'de' yyyy H':'mm':'ss	32=-	38=ene.|feb.|mar.|abr.|may.|jun.|jul.|ago.|sept.|oct.|nov.|dic.	40=ene.|feb.|mar.|abr.|may.|jun.|jul.|ago.|sept.|oct.|nov.|dic.
es-CO	<es-AR	23=d'/'MM'/'yyyy	25=h':'mm tt	26=h':'mm':'ss tt	27=dddd, d 'de' MMMM 'de' yyyy h':'mm':'ss tt	38=ene.|feb.|mar.|abr.|may.|jun.|jul.|ago.|sept.|oct.|nov.|dic.	40=ene.|feb.|mar.|abr.|may.|jun.|jul.|ago.|sept.|oct.|nov.|dic.
es-CR	<es-BO	1= 	7=₡	9= 	16= 
es-CU	<es-BZ
es-DO	<es-BZ	13=0	25=h':'mm tt	26=h':'mm':'ss tt	27=dddd, d 'de' MMMM 'de' yyyy h':'mm':'ss tt	30=a. m.	31=p. m.
es-EA	<es	7=¤
es-EC	<es-AR	12=0	13=2	25=H':'mm	26=H':'mm':'ss	27=dddd, d 'de' MMMM 'de' yyyy H':'mm':'ss
es-ES	<es
es-GQ	<es-CL	7=FCFA	13=1	23=d'/'M'/'yyyy	32=/
es-GT	<es-419	7=Q	23=d'/'MM'/'yyyy	30=a. m.	31=p. m.
es-HN	<es-GT	7=L	23=d'/'M'/'yyyy	24=dddd dd 'de' MMMM 'de' yyyy	27=dddd dd 'de' MMMM 'de' yyyy HH':'mm':'ss
es-IC	<es-EA
es-MX	<es-BZ	23=dd'/'MM'/'yyyy	25=hh':'mm tt	26=hh':'mm':'ss tt	27=dddd, d 'de' MMMM 'de' yyyy hh':'mm':'ss tt	30=a. m.	31=p. m.
es-NI	<es-GT	7=C$	23=d'/'M'/'yyyy
es-PA	<es-DO	7=B/.	13=1	23=MM'/'dd'/'yyyy
es-PE	<es-GT	7=S/	12=2	13=9	37=Enero|Febrero|Marzo|Abril|Mayo|Junio|Julio|Agosto|Setiembre|Octubre|Noviembre|Diciembre	38=Ene.|Feb.|Mar.|Abr.|May.|Jun.|Jul.|Ago.|Set.|Oct.|Nov.|Dic.	39=enero|febrero|marzo|abril|mayo|junio|julio|agosto|setiembre|octubre|noviembre|diciembre	40=Ene.|Feb.|Mar.|Abr.|May.|Jun.|Jul.|Ago.|Set.|Oct.|Nov.|Dic.
es-PH	<es-CO	7=₱	12=3	13=8	23=d'/'M'/'yyyy
es-PR	<es-PA	7=$
es-PY	<es-AR	7=₲	11=0	13=12	38=ene.|feb.|mar.|abr.|may.|jun.|jul.|ago.|sept.|oct.|nov.|dic.	40=ene.|feb.|mar.|abr.|may.|jun.|jul.|ago.|sept.|oct.|nov.|dic.
es-SV	<es-NI	7=$
es-US	<en	24=dddd, MMMM dd, yyyy	27=dddd, MMMM dd, yyyy h':'mm':'ss tt	29=MMMM 'de' yyyy	34=d.C.	35=domingo|lunes|martes|miércoles|jueves|viernes|sábado	36=dom|lun|mar|mié|jue|vie|sáb	37=enero|febrero|marzo|abril|mayo|junio|julio|agosto|septiembre|octubre|noviembre|diciembre	38=ene|feb|mar|abr|may|jun|jul|ago|sep|oct|nov|dic	39=enero|febrero|marzo|abril|mayo|junio|julio|agosto|septiembre|octubre|noviembre|diciembre	40=ene|feb|mar|abr|may|jun|jul|ago|sep|oct|nov|dic
es-UY	<es-EC	12=2	13=9	37=Enero|Febrero|Marzo|Abril|Mayo|Junio|Julio|Agosto|Setiembre|Octubre|Noviembre|Diciembre	38=Ene.|Feb.|Mar.|Abr.|May.|Jun.|Jul.|Ago.|Set.|Oct.|Nov.|Dic.	39=enero|febrero|marzo|abril|mayo|junio|julio|agosto|setiembre|octubre|noviembre|diciembre	40=Ene.|Feb.|Mar.|Abr.|May.|Jun.|Jul.|Ago.|Set.|Oct.|Nov.|Dic.
es-VE	<es-PH	7=Bs.S	12=0	13=2
et-EE	<et
eu-ES	<eu
ewo-CM	<ewo
fa-AF	<el	4=3	7=؋	8=.	9=,	12=0	13=3	22=persian	23=yyyy'/'M'/'d	30=غ.م	31=غ.و	34=ه.ش	35=یکشنبه|دوشنبه|سه‌ شنبه|چهار شنبه|پنجشنبه|جمعه|شنبه	36=یکشنبه|دوشنبه|سه‌ شنبه|چهار شنبه|پنجشنبه|جمعه|شنبه	37=حمل|ثور|جوزا|سرطان|اسد|سنبله|میزان|عقرب|قوس|جدی|دلو|حوت	38=حمل|ثور|جوزا|سرطان|اسد|سنبله|میزان|عقرب|قوس|جدی|دلو|حوت	39=حمل|ثور|جوزا|سرطان|اسد|سنبله|میزان|عقرب|قوس|جدی|دلو|حوت	40=حمل|ثور|جوزا|سرطان|اسد|سنبله|میزان|عقرب|قوس|جدی|دلو|حوت	41=yyyy, dd, MMMM, dddd h':'mm':'ss tt	42=جدی|دلو|حوت|حمل|ثور|جوزا|سرطان|اسد|سنبله|میزان|عقرب|قوس
fa-IR	<fa
ff-Adlm	<ff	7=¤
ff-Latn	<ff
fi-FI	<fi
fil-PH	<fil
fo-DK	<fo	7=kr.	30=AM	31=PM
fo-FO	<fo
fr-BE	<fr	1=.	9=.	16=.	23=dd-MM-yy	32=-
fr-BF	<fr	7=CFA	11=0	30=AM	31=PM
fr-BI	<fr-BF	7=FBu
fr-BJ	<fr-BF
fr-BL	<fr	30=AM	31=PM
fr-CA	<fr	7=$	13=15	23=yyyy-MM-dd	24=d MMMM yyyy	27=d MMMM yyyy HH':'mm':'ss	29=MMMM, yyyy	32=-
fr-CD	<fr-BL	7=FC
fr-CF	<fr-BF	7=FCFA
fr-CG	<fr-CF
fr-CH	<fr-BL	7=CHF	8=.	19=1	20=1	23=dd.MM.yyyy	24=dddd, d MMMM yyyy	27=dddd, d MMMM yyyy HH':'mm':'ss	32=.
fr-CI	<fr-BF
fr-CM	<fr-CF	30=mat.	31=soir
fr-DJ	<fr-BF	7=Fdj	25=h':'mm tt	26=h':'mm':'ss tt	27=dddd d MMMM yyyy h':'mm':'ss tt
fr-DZ	<fr-DJ	7=DA	11=2
fr-FR	<fr
fr-GA	<fr-CF
fr-GF	<fr-BL
fr-GN	<fr-BF	7=FG
fr-GP	<fr-BL
fr-GQ	<fr-CF
fr-HT	<fr-BL	7=G
fr-JP	<fr	7=¥
fr-KM	<fr-BF	7=CF
fr-LU	<fr-BL	1=.	9=.	16=.
fr-MA	<fr-LU	7=DH	38=jan.|fév.|mar.|avr.|mai|jui.|juil.|août|sept.|oct.|nov.|déc.	40=jan.|fév.|mar.|avr.|mai|jui.|juil.|août|sept.|oct.|nov.|déc.
fr-MC	<fr-BL
fr-MF	<fr-BL
fr-MG	<fr-BF	7=Ar
fr-ML	<fr-BF
fr-MQ	<fr-BL
fr-MR	<fr-DZ	7=UM
fr-MU	<fr-BL	7=Rs
fr-NC	<fr-BF	7=FCFP
fr-NE	<fr-BF
fr-PF	<fr-NC
fr-PM	<fr-BL
fr-QQ	<fr	7=¤
fr-RE	<fr-BL
fr-RW	<fr-BF	7=RF
fr-SC	<fr-BL	7=SR
fr-SN	<fr-BF
fr-SY	<fr-DJ	7=LS
fr-TD	<fr-DJ	7=FCFA
fr-TG	<fr-BF
fr-TN	<fr-DJ	7=DT	11=3
fr-VU	<fr-DJ	7=VT
fr-WF	<fr-NC
fr-YT	<fr-BL
fur-IT	<fur
fuv-NG	<bgc	7=₦
fy-NL	<fy
ga-GB	<ga	7=£
ga-IE	<ga
gd-GB	<gd
gl-ES	<gl
gn-PY	<gl	7=₲	11=0	24=dddd, dd MMMM, yyyy	27=dddd, dd MMMM, yyyy HH':'mm':'ss	28=dd MMMM	29=MMMM, yyyy	35=arateĩ|arakõi|araapy|ararundy|arapo|arapoteĩ|arapokõi	36=teĩ|kõi|apy|ndy|po|oteĩ|okõi	37=jasyteĩ|jasykõi|jasyapy|jasyrundy|jasypo|jasypoteĩ|jasypokõi|jasypoapy|jasyporundy|jasypa|jasypateĩ|jasypakõi	38=jteĩ|jkõi|japy|jrun|jpo|jpot|jpok|jpoa|jpor|jpa|jpat|jpak	39=jasyteĩ|jasykõi|jasyapy|jasyrundy|jasypo|jasypoteĩ|jasypokõi|jasypoapy|jasyporundy|jasypa|jasypateĩ|jasypakõi	40=jteĩ|jkõi|japy|jrun|jpo|jpot|jpok|jpoa|jpor|jpa|jpat|jpak
gsw-CH	<gsw
gsw-FR	<fr	28=d. MMMM	34=Vor J.-C.	35=Sundi|Manti|Zischti|Mettwuch|Dunnerschti|Friti|Sàmschti	36=Su.|Ma.|Zi.|Me.|Du.|Fr.|Sà.	37=Jänner|Feverje|März|Àpril|Mai|Jüni|Jüli|Augscht|September|Oktower|Nowember|Dezember	38=Jän.|Fev.|März|Apr.|Mai|Jüni|Jüli|Aug.|Sept.|Okt.|Now.|Dez.	39=Jänner|Feverje|März|Àpril|Mai|Jüni|Jüli|Augscht|September|Oktower|Nowember|Dezember	40=Jän.|Fev.|März|Apr.|Mai|Jüni|Jüli|Aug.|Sept.|Okt.|Now.|Dez.
gsw-LI	<gsw
gu-IN	<gu
guz-KE	<guz
gv-IM	<gv
ha-GH	<ha	7=GH₵	25=h':'mm tt	26=h':'mm':'ss tt	27=dddd d MMMM, yyyy h':'mm':'ss tt
ha-Latn	<ha
ha-NE	<ha	7=CFA	11=0
ha-NG	<ha
haw-US	<haw
he-IL	<he
hi-IN	<hi
hi-Latn	<hi	7=¤
hr-BA	<bs	34=po. Kr.	37=siječanj|veljača|ožujak|travanj|svibanj|lipanj|srpanj|kolovoz|rujan|listopad|studeni|prosinac	38=sij|velj|ožu|tra|svi|lip|srp|kol|ruj|lis|stu|pro	39=siječnja|veljače|ožujka|travnja|svibnja|lipnja|srpnja|kolovoza|rujna|listopada|studenoga|prosinca	40=sij|velj|ožu|tra|svi|lip|srp|kol|ruj|lis|stu|pro
hr-HR	<hr
hsb-DE	<hsb
hu-HU	<hu
hy-AM	<hy
ia-001	<ia
ibb-NG	<bin-NG
id-ID	<id
ie-EE	<bgc	7=€
ig-NG	<ig
ii-CN	<ii
is-IS	<is
it-CH	<de-CH	24=dddd, d MMMM yyyy	27=dddd, d MMMM yyyy HH':'mm':'ss	28=d MMMM	34=d.C.	35=domenica|lunedì|martedì|mercoledì|giovedì|venerdì|sabato	36=dom|lun|mar|mer|gio|ven|sab	37=gennaio|febbraio|marzo|aprile|maggio|giugno|luglio|agosto|settembre|ottobre|novembre|dicembre	38=gen|feb|mar|apr|mag|giu|lug|ago|set|ott|nov|dic	39=gennaio|febbraio|marzo|aprile|maggio|giugno|luglio|agosto|settembre|ottobre|novembre|dicembre	40=gen|feb|mar|apr|mag|giu|lug|ago|set|ott|nov|dic
it-IT	<it
it-SM	<it	30=AM	31=PM
it-VA	<it-SM
ja-JP	<ja
ja-QQ	<ja	7=¤	11=2
ja-US	<ja-QQ	7=$
jgo-CM	<jgo
jmc-TZ	<jmc
jv-ID	<jv
ka-GE	<ka
kab-DZ	<kab
kam-KE	<kam
kde-TZ	<kde
kea-CV	<kea
kgp-BR	<bgc	7=R$
khq-ML	<khq
ki-KE	<ki
kk-KZ	<kk
kkj-CM	<kkj
kl-GL	<kl
kln-KE	<kln
km-KH	<km
kn-IN	<kn
ko-CN	<ko	7=¥	11=2
ko-KP	<ko	23=yyyy. M. d.	32=. 	34=AD	38=1월|2월|3월|4월|5월|6월|7월|8월|9월|10월|11월|12월	40=1월|2월|3월|4월|5월|6월|7월|8월|9월|10월|11월|12월
ko-KR	<ko
kok-IN	<kok
kr-NG	<bin-NG	25=h':'mm tt
ks-Arab	<ks
ks-Deva	<en-IN	20=0	24=dddd, MMMM dd, yyyy	25=H':'mm	27=dddd, MMMM dd, yyyy HH':'mm':'ss	34=AD
ksb-TZ	<ksb
ksf-CM	<ksf
ksh-DE	<ksh
ku-TR	<ckb	7=₺
kw-GB	<kw
kxv-Deva	<bgc
kxv-Latn	<bgc
kxv-Orya	<bgc
kxv-Telu	<bgc
ky-KG	<ky
la-001	<mni	7=XDR	20=0	24=dddd d MMMM yyyy	25=H':'mm	27=dddd d MMMM yyyy HH':'mm':'ss	28=MMMM dd	35=Solis|Lunae|Martis|Mercurii|Jovis|Veneris|Saturni	36=Sol|Lun|Mar|Mer|Jov|Ven|Sat	37=Ianuarius|Februarius|Martius|Aprilis|Maius|Iunius|Quintilis|Sextilis|September|October|November|December	38=Ian|Feb|Mar|Apr|Mai|Iun|Quint|Sext|Sept|Oct|Nov|Dec	39=Ianuarius|Februarius|Martius|Aprilis|Maius|Iunius|Quintilis|Sextilis|September|October|November|December	40=Ian|Feb|Mar|Apr|Mai|Iun|Quint|Sext|Sept|Oct|Nov|Dec
lag-TZ	<lag
lb-LU	<lb
lg-UG	<lg
lij-IT	<ie-EE
lkt-US	<lkt
lmo-IT	<ie-EE
ln-AO	<ln	7=Kz
ln-CD	<ln
ln-CF	<ln	7=FCFA	11=0
ln-CG	<ln-CF
lo-LA	<lo
lrc-IQ	<mgo	7=د.ع.‏	24=yyyy MMMM d, dddd	25=h':'mm tt	26=h':'mm':'ss tt	27=yyyy MMMM d, dddd h':'mm':'ss tt	35=Sun|Mon|Tue|Wed|Thu|Fri|Sat	36=Sun|Mon|Tue|Wed|Thu|Fri|Sat	37=جانڤیە|فئڤریە|مارس|آڤریل|مئی|جوٙأن|جوٙلا|آگوست|سئپتامر|ئوکتوڤر|نوڤامر|دئسامر	38=جانڤیە|فئڤریە|مارس|آڤریل|مئی|جوٙأن|جوٙلا|آگوست|سئپتامر|ئوکتوڤر|نوڤامر|دئسامر	39=جانڤیە|فئڤریە|مارس|آڤریل|مئی|جوٙأن|جوٙلا|آگوست|سئپتامر|ئوکتوڤر|نوڤامر|دئسامر	40=جانڤیە|فئڤریە|مارس|آڤریل|مئی|جوٙأن|جوٙلا|آگوست|سئپتامر|ئوکتوڤر|نوڤامر|دئسامر
lrc-IR	<lrc
lt-LT	<lt
lu-CD	<lu
luo-KE	<luo
luy-KE	<luy
lv-LV	<lv
mai-IN	<bgc-IN
mas-KE	<mas
mas-TZ	<mas	7=TSh
mer-KE	<mer
mfe-MU	<mfe
mg-MG	<mg
mgh-MZ	<mgh
mgo-CM	<mgo
mi-NZ	<mi
mk-MK	<mk
ml-IN	<ml
mn-Cyrl	<mn
mn-MN	<mn
mni-Beng	<mni	7=¤
mni-IN	<mni
moh-CA	<en	13=1	19=0	20=0	24=dddd, MMMM dd, yyyy	27=dddd, MMMM dd, yyyy h':'mm':'ss tt	28=MMMM dd	29=MMMM, yyyy	35=Awentatokentì:ke|Awentataón'ke|Ratironhia'kehronòn:ke|Soséhne|Okaristiiáhne|Ronwaia'tanentaktonhne|Entákta	37=Tsothohrkó:Wa|Enniska|Enniskó:Wa|Onerahtókha|Onerahtohkó:Wa|Ohiari:Ha|Ohiarihkó:Wa|Seskéha|Seskehkó:Wa|Kenténha|Kentenhkó:Wa|Tsothóhrha	39=Tsothohrkó:Wa|Enniska|Enniskó:Wa|Onerahtókha|Onerahtohkó:Wa|Ohiari:Ha|Ohiarihkó:Wa|Seskéha|Seskehkó:Wa|Kenténha|Kentenhkó:Wa|Tsothóhrha
mr-IN	<mr
ms-BN	<ms	0=,	1=.	7=$	8=,	9=.	12=2	13=9	15=,	16=.	24=dd MMMM yyyy	27=dd MMMM yyyy h':'mm':'ss tt
ms-ID	<ms	7=Rp
ms-MY	<ms
ms-SG	<ms	7=$
mt-MT	<mt
mua-CM	<mua
my-MM	<my
mzn-IR	<lrc	41=yyyy MMMM d, dddd HH':'mm':'ss	42=ژانویه|فوریه|مارس|آوریل|مه|ژوئن|ژوئیه|اوت|سپتامبر|اکتبر|نوامبر|دسامبر	43=Sun|Mon|Tue|Wed|Thu|Fri|Sat
naq-NA	<naq
nb-NO	<nb
nb-SJ	<nb
nd-ZW	<nd
nds-DE	<nds
nds-NL	<nds
ne-IN	<lkt	7=₹	23=yyyy'/'M'/'d	24=yyyy MMMM d, dddd	27=yyyy MMMM d, dddd h':'mm':'ss tt	30=पूर्वाह्न	31=अपराह्न	34=सन्	35=आइतबार|सोमबार|मङ्गलबार|बुधबार|बिहिबार|शुक्रबार|शनिबार	36=आइत|सोम|मङ्गल|बुध|बिहि|शुक्र|शनि	37=जनवरी|फेब्रुअरी|मार्च|अप्रिल|मे|जुन|जुलाई|अगस्ट|सेप्टेम्बर|अक्टोबर|नोभेम्बर|डिसेम्बर	38=जनवरी|फेब्रुअरी|मार्च|अप्रिल|मे|जुन|जुलाई|अगस्ट|सेप्टेम्बर|अक्टोबर|नोभेम्बर|डिसेम्बर	39=जनवरी|फेब्रुअरी|मार्च|अप्रिल|मे|जुन|जुलाई|अगस्ट|सेप्टेम्बर|अक्टोबर|नोभेम्बर|डिसेम्बर	40=जनवरी|फेब्रुअरी|मार्च|अप्रिल|मे|जुन|जुलाई|अगस्ट|सेप्टेम्बर|अक्टोबर|नोभेम्बर|डिसेम्बर
ne-NP	<ne
nl-AW	<nl	7=Afl.	23=dd-MM-yyyy	30=a.m.	31=p.m.	38=jan.|feb.|mrt.|apr.|mei|jun.|jul.|aug.|sep.|okt.|nov.|dec.	40=jan.|feb.|mrt.|apr.|mei|jun.|jul.|aug.|sep.|okt.|nov.|dec.
nl-BE	<nl	23=d'/'MM'/'yyyy	25=H':'mm	26=H':'mm':'ss	27=dddd d MMMM yyyy H':'mm':'ss	32=/	34=A.D.
nl-BQ	<nl-AW	7=$
nl-CW	<nl-AW	7=NAf.
nl-NL	<nl
nl-SR	<nl-BQ
nl-SX	<nl-CW
nmg-CM	<nmg
nn-NO	<nn
nnh-CM	<nnh
nqo-GN	<nqo
nso-ZA	<xh	12=2	13=9	35=Lamorena|Musopologo|Labobedi|Laboraro|Labone|Labohlano|Mokibelo	36=Lam|Mos|Bed|Rar|Ne|Hla|Mok	37=Pherekgong|Dibokwane|Hlakola|Moranang|Mopitlo|Phupu|Mosegemanye|Phato|Lewedi|Diphalane|Dibatsela|Manthole	38=Phere|Dibo|Hlak|Mora|Mopi|Phupu|Mose|Phato|Lewe|Dipha|Diba|Manth	39=Pherekgong|Dibokwane|Hlakola|Moranang|Mopitlo|Phupu|Mosegemanye|Phato|Lewedi|Diphalane|Dibatsela|Manthole	40=Phere|Dibo|Hlak|Mora|Mopi|Phupu|Mose|Phato|Lewe|Dipha|Diba|Manth
nus-SS	<nus
nyn-UG	<cgg
oc-ES	<oc
oc-FR	<oc
om-ET	<om
om-KE	<om	7=Ksh	25=HH':'mm	26=HH':'mm':'ss	27=dddd, MMMM d, yyyy HH':'mm':'ss	34=KB
or-IN	<or
os-GE	<os
os-RU	<os	7=₽
pa-Arab	<ur	4=2	23=dd-MM-yy	24=dd MMMM yyyy dddd	25=h.mm tt	26=h.mm.ss tt	27=dd MMMM yyyy dddd h.mm.ss tt	32=-	33=.	35=پير|منگل|بدھ|جمعرات|جمعه|هفته|اتوار	36=پير|منگل|بدھ|جمعرات|جمعه|هفته|اتوار
pa-Guru	<pa
pa-IN	<pa
pap-029	<la-001	7=$	23=d-M-yyyy	26=H':'mm':'ss	27=dddd d MMMM yyyy H':'mm':'ss	28=dd MMMM	32=-	35=diadomingo|dialuna|diamars|diawebs|diarazon|diabierna|diasabra	36=dom|lun|mar|web|raz|bie|sab	37=januari|februari|maart|april|mei|juni|juli|augustus|september|oktober|november|december	38=jan|feb|mrt|apr|mei|jun|jul|aug|sep|okt|nov|dec	39=januari|februari|maart|april|mei|juni|juli|augustus|september|oktober|november|december	40=jan|feb|mrt|apr|mei|jun|jul|aug|sep|okt|nov|dec
pcm-NG	<fuv-NG
pl-PL	<pl
prg-PL	<prg	7=zł
prs-AF	<fa-AF
ps-AF	<ps
ps-PK	<el	7=Rs	23=yyyy'/'M'/'d	24=dddd 'د' yyyy 'د' MMMM d	27=dddd 'د' yyyy 'د' MMMM d h':'mm':'ss tt	28=MMMM d	29=yyyy MMMM	30=غ.م.	31=غ.و.	34=م.	35=يونۍ|دونۍ|درېنۍ|څلرنۍ|پينځنۍ|جمعه|اونۍ	36=يونۍ|دونۍ|درېنۍ|څلرنۍ|پينځنۍ|جمعه|اونۍ	37=جنوري|فېبروري|مارچ|اپریل|مۍ|جون|جولای|اگست|سپتمبر|اکتوبر|نومبر|دسمبر	38=جنوري|فبروري|مارچ|اپریل|مۍ|جون|جولای|اگست|سپتمبر|اکتوبر|نومبر|دسمبر	39=جنوري|فبروري|مارچ|اپریل|مۍ|جون|جولای|اگست|سېپتمبر|اکتوبر|نومبر|دسمبر	40=جنوري|فبروري|مارچ|اپریل|مۍ|جون|جولای|اگست|سپتمبر|اکتوبر|نومبر|دسمبر
pt-AO	<pt	1= 	7=Kz	9= 	12=3	13=8	16= 	30=a.m.	31=p.m.	34=E.C.	36=domingo|segunda|terça|quarta|quinta|sexta|sábado
pt-BR	<pt
pt-CH	<pt-AO	7=CHF
pt-CV	<pt-AO	7=​	8=$
pt-GQ	<pt-AO	7=FCFA	11=0
pt-GW	<pt-GQ	7=CFA
pt-LU	<pt-AO	7=€
pt-MO	<pt-AO	7=MOP$	25=h':'mm tt	26=h':'mm':'ss tt	27=dddd, d 'de' MMMM 'de' yyyy h':'mm':'ss tt
pt-MZ	<pt-AO	7=MTn
pt-PT	<pt-LU	24=d 'de' MMMM 'de' yyyy	27=d 'de' MMMM 'de' yyyy HH':'mm':'ss	30=	31=	34=d.C.	36=dom|seg|ter|qua|qui|sex|sáb
pt-ST	<pt-AO	7=Db
pt-TL	<pt-AO	7=US$
qps-ploc	.	,,	4	3	1	-	++	$	.	,,	4	3	0	1	%%	.	,,	4	3	0	0	‰	gregorian	d'/'MM'/'yy	dddd, d 'ōf' MMMM 'ōf' yyyy	h':'mm tt	H':'mm':'ss	dddd, d 'ōf' MMMM 'ōf' yyyy H':'mm':'ss	MMMM dd	MMMM yyyy	АΜ	P̰̃M]	/	:	[Ă.Đ.!!!]	[Ŝűñðāý !!]|[Μőηđăу !!]|[Ŧųĕşδάў !!!]|[Шěđлеśđαỳ !!!]|[Ŧнũя§ðāÿ !!!]|[₣гïδáу !!]|[Śáтџŕďаγ !!!]	Šûп|Мóń|Ťüз|Ẅëď|Тђū|₣řĩ|Śáť	[Ĵāňùāѓу !!!]|[₣ĕьяμªґý !!!]|[Μäŕςћ !!]|[Арřιℓ !!]|[Μàỳ !]|[Јùňē !!]|[Јúłў !!]|[Άųġµŝŧ !!]|[Şěρťзmвэѓ !!!]|[Øçťŏвëŕ !!!]|[Ńőνëmьёŗ !!!]|[Ðэςęмъěř !!!]	Ĵāπ|₣эБ|Μаѓ|∆ρя|Μäў|Јůń|Ĵùŀ|Âũğ|Ѕěþ|Ώćτ|Ŋоν|Ďзς	[Ĵāňùāѓу !!!]|[₣ĕьяμªґý !!!]|[Μäŕςћ !!]|[Арřιℓ !!]|[Μàỳ !]|[Јùňē !!]|[Јúłў !!]|[Άųġµŝŧ !!]|[Şěρťзmвэѓ !!!]|[Øçťŏвëŕ !!!]|[Ńőνëmьёŗ !!!]|[Ðэςęмъěř !!!]	Ĵāπ|₣эБ|Μаѓ|∆ρя|Μäў|Јůń|Ĵùŀ|Âũğ|Ѕěþ|Ώćτ|Ŋоν|Ďзς			
qps-ploca	<ja
qps-plocm	<ar	4=3	12=2	13=3	42=يناير|فبراير|مارس|ابريل|مايو|يونيو|يوليو|اغسطس|سبتمبر|اكتوبر|نوفمبر|ديسمبر
qq-FR	<ie-EE
qq-IN	<bgc-IN
qq-JP	<bgc	7=¥
qq-QQ	<bgc
qu-BO	<qu
qu-EC	<arn-CL	13=12	23=dd'/'MM'/'yyyy	32=/	35=inti|awaki|wanra|chillay|kullka|chaska|wakma	36=int|awk|wan|chy|kuk|cha|wak	37=kulla|panchi|pawkar|ayriwa|aymuray|raymi|sitwa|karwa|kuski|wayru|sasi|kapak	38=kull|pan|paw|ayr|aym|ray|sit|kar|kus|way|sas|kap	39=kulla|panchi|pawkar|ayriwa|aymuray|raymi|sitwa|karwa|kuski|wayru|sasi|kapak	40=kull|pan|paw|ayr|aym|ray|sit|kar|kus|way|sas|kap
qu-PE	<qu	0=.	1=,	7=S/	8=.	9=,	13=12	15=.	16=,	24=dddd, d MMMM, yyyy	27=dddd, d MMMM, yyyy hh':'mm':'ss tt	28=d MMMM	34=d.C.	35=Domingo|Lunes|Martes|Miércoles|Jueves|Viernes|Sábado	36=Dom|Lun|Mar|Mié|Jue|Vie|Sab
qut-GT	<mi	7=Q	19=0	20=0	24=dddd, dd 'rech' MMMM 'rech' yyyy	27=dddd, dd 'rech' MMMM 'rech' yyyy h':'mm':'ss tt	28=d 'rech' MMMM	29=MMMM 'rech' yyyy	34=d. C.	35=juq'ij|kaq'ij|oxq'ij|kajq'ij|joq'ij|waqq'ij|wuqq'ij	36=juq'|kaq'|oxq'|kajq'|joq'|waqq'|wuqq'	37=nab'e ik'|ukab' ik'|urox ik'|ukaj ik'|uro ik'|uwaq ik'|uwuq ik'|uwajxaq ik'|ub'elej ik'|ulaj ik'|ujulaj ik'|ukab'laj ik'	38=nab'e|ukab'|urox|ukaj|uro|uwaq|uwuq|uwajxaq|ub'elej|ulaj|ujulaj|ukab'laj	39=nab'e ik'|ukab' ik'|urox ik'|ukaj ik'|uro ik'|uwaq ik'|uwuq ik'|uwajxaq ik'|ub'elej ik'|ulaj ik'|ujulaj ik'|ukab'laj ik'	40=nab'e|ukab'|urox|ukaj|uro|uwaq|uwuq|uwajxaq|ub'elej|ulaj|ujulaj|ukab'laj
quz-BO	<qu
quz-EC	<qu-EC
quz-PE	<qu-PE
raj-IN	<bgc-IN
rm-CH	<rm
rn-BI	<rn
ro-MD	<ro	7=L	36=Dum|Lun|Mar|Mie|Joi|Vin|Sâm
ro-RO	<ro
rof-TZ	<rof
ru-BY	<be	23=dd.MM.yyyy	24=dddd, d MMMM yyyy 'г'.	27=dddd, d MMMM yyyy 'г'. HH':'mm':'ss	30=AM	31=PM	34=н. э.	35=воскресенье|понедельник|вторник|среда|четверг|пятница|суббота	36=вс|пн|вт|ср|чт|пт|сб	37=январь|февраль|март|апрель|май|июнь|июль|август|сентябрь|октябрь|ноябрь|декабрь	38=янв.|февр.|март|апр.|май|июнь|июль|авг.|сент.|окт.|нояб.|дек.	39=января|февраля|марта|апреля|мая|июня|июля|августа|сентября|октября|ноября|декабря	40=янв.|февр.|март|апр.|май|июнь|июль|авг.|сент.|окт.|нояб.|дек.
ru-KG	<ru-BY	7=сом
ru-KZ	<ru-BY	7=₸
ru-MD	<ru-BY	7=L
ru-RU	<ru
ru-UA	<ru-BY	7=₴
rw-RW	<rw
rwk-TZ	<rwk
sa-IN	<sa
sah-RU	<sah
saq-KE	<saq
sat-Olck	<bgc
sbp-TZ	<sbp
sc-IT	<ie-EE
sd-Arab	<sd
sd-Deva	<mni	20=0	25=H':'mm	28=dd MMMM	35=आचर|सवमर|ङरव|रब|ख़मयस|जम|छनछर	36=आचर|सवमर|ङरव|रब|ख़मयस|जम|छनछर	37=जनवरय|फ़बरवरय|मारच|परयल|मय|जवन|वलाय|आगसट|सयपटमबर|आटवबर|नववमबर|डसमबर	38=जनवरय|फ़बरवरय|मारच|परयल|मय|जवन|वलाय|आगसट|सयपटमबर|आटवबर|नववमबर|डसमबर	39=जनवरय|फ़बरवरय|मारच|परयल|मय|जवन|वलाय|आगसट|सयपटमबर|आटवबर|नववमबर|डसमबर	40=जनवरय|फ़बरवरय|मारच|परयल|मय|जवन|वलाय|आगसट|सयपटमबर|आटवबर|नववमबर|डसमबर
se-FI	<smn	24=dddd, MMMM d. 'b'. yyyy	27=dddd, MMMM d. 'b'. yyyy H':'mm':'ss	28=MMMM d. 'b'.	35=sotnabeaivi|vuossárga|maŋŋebárga|gaskavahkku|duorastat|bearjadat|lávvardat	36=so|má|di|ga|du|be|lá	37=ođđajagemánu|guovvamánnu|njukčamánnu|cuoŋománnu|miessemánnu|geassemánnu|suoidnemánnu|borgemánnu|čakčamánnu|golggotmánnu|skábmamánnu|juovlamánnu	38=ođđj|guov|njuk|cuoŋ|mies|geas|suoi|borg|čakč|golg|skáb|juov	39=ođđajagemánu|guovvamánu|njukčamánu|cuoŋománu|miessemánu|geassemánu|suoidnemánu|borgemánu|čakčamánu|golggotmánu|skábmamánu|juovlamánu	40=ođđj|guov|njuk|cuoŋ|mies|geas|suoi|borg|čakč|golg|skáb|juov
se-NO	<se
se-SE	<sv	9=.	24=dddd, MMMM d. 'b'. yyyy	27=dddd, MMMM d. 'b'. yyyy HH':'mm':'ss	28=MMMM d. 'b'.	35=sotnabeaivi|mánnodat|disdat|gaskavahkku|duorastat|bearjadat|lávvardat	36=sotn|mán|dis|gask|duor|bear|láv	37=ođđajagemánnu|guovvamánnu|njukčamánnu|cuoŋománnu|miessemánnu|geassemánnu|suoidnemánnu|borgemánnu|čakčamánnu|golggotmánnu|skábmamánnu|juovlamánnu	38=ođđj|guov|njuk|cuoŋ|mies|geas|suoi|borg|čakč|golg|skáb|juov	39=ođđajagemánu|guovvamánu|njukčamánu|cuoŋománu|miessemánu|geassemánu|suoidnemánu|borgemánu|čakčamánu|golggotmánu|skábmamánu|juovlamánu	40=ođđj|guov|njuk|cuoŋ|mies|geas|suoi|borg|čakč|golg|skáb|juov
seh-MZ	<seh
ses-ML	<ses
sg-CF	<sg
shi-Latn	<shi	30=tifawt	31=tadggʷat	34=dfɛ	35=asamas|aynas|asinas|akṛas|akwas|asimwas|asiḍyas	36=asa|ayn|asi|akṛ|akw|asim|asiḍ	37=innayr|bṛayṛ|maṛṣ|ibrir|mayyu|yunyu|yulyuz|ɣuct|cutanbir|ktubr|nuwanbir|dujanbir	38=inn|bṛa|maṛ|ibr|may|yun|yul|ɣuc|cut|ktu|nuw|duj	39=innayr|bṛayṛ|maṛṣ|ibrir|mayyu|yunyu|yulyuz|ɣuct|cutanbir|ktubr|nuwanbir|dujanbir	40=inn|bṛa|maṛ|ibr|may|yun|yul|ɣuc|cut|ktu|nuw|duj
shi-Tfng	<shi
si-LK	<si
sk-SK	<sk
sl-SI	<sl
sma-NO	<se-SE	9= 	12=2	13=12	19=2	20=2	23=dd.MM.yyyy	32=.	35=aejlege|måanta|dæjsta|gaskevåhkoe|duarsta|bearjadahke|laavvardahke	36=aej|måa|dæj|gask|duar|bearj|laav	37=tsïengele|goevte|njoktje|voerhtje|suehpede|ruffie|snjaltje|mïetske|skïerede|golke|rahka|goeve	38=tsïen|goevt|njok|voer|sueh|ruff|snja|mïet|skïer|golk|rahk|goev	39=tsïengelen|goevten|njoktjen|voerhtjen|suehpeden|ruffien|snjaltjen|mïetsken|skïereden|golken|rahkan|goeven	40=tsïen|goevt|njok|voer|sueh|ruff|snja|mïet|skïer|golk|rahk|goev
sma-SE	<se-SE	35=aejlege|måanta|dæjsta|gaskevåhkoe|duarsta|bearjadahke|laavvardahke	36=aej|måa|dæj|gask|duar|bearj|laav	37=tsïengele|goevte|njoktje|voerhtje|suehpede|ruffie|snjaltje|mïetske|skïerede|golke|rahka|goeve	38=tsïen|goevt|njok|voer|sueh|ruff|snja|mïet|skïer|golk|rahk|goev	39=tsïengelen|goevten|njoktjen|voerhtjen|suehpeden|ruffien|snjaltjen|mïetsken|skïereden|golken|rahkan|goeven	40=tsïen|goevt|njok|voer|sueh|ruff|snja|mïet|skïer|golk|rahk|goev
smj-NO	<sma-NO	35=sådnåbiejvve|mánnodahka|dijstahka|gasskavahkko|duorastahka|bierjjedahka|lávvodahka	36=såd|mán|dis|gas|duor|bier|láv	37=ådåjakmánno|guovvamánno|sjnjuktjamánno|vuoratjismánno|moarmesmánno|biehtsemánno|sjnjilltjamánno|bårggemánno|ragátmánno|gålgådismánno|basádismánno|javllamánno	38=ådåj|guov|snju|vuor|moar|bieh|snji|bårg|ragá|gålg|basá|javl	39=ådåjakmáno|guovvamáno|sjnjuktjamáno|vuoratjismáno|moarmesmáno|biehtsemáno|sjnjilltjamáno|bårggemáno|ragátmáno|gålgådismáno|basádismáno|javllamáno	40=ådåj|guov|snju|vuor|moar|bieh|snji|bårg|ragá|gålg|basá|javl
smj-SE	<se-SE	35=ájllek|mánnodahka|dijstahka|gasskavahkko|duorastahka|bierjjedahka|lávvodahka	36=ájl|mán|dis|gas|duor|bier|láv	37=ådåjakmánno|guovvamánno|sjnjuktjamánno|vuoratjismánno|moarmesmánno|biehtsemánno|sjnjilltjamánno|bårggemánno|ragátmánno|gålgådismánno|basádismánno|javllamánno	38=ådåj|guov|snju|vuor|moar|bieh|snji|bårg|ragá|gålg|basá|javl	39=ådåjakmáno|guovvamáno|sjnjuktjamáno|vuoratjismáno|moarmesmáno|biehtsemáno|sjnjilltjamáno|bårggemáno|ragátmáno|gålgådismáno|basádismáno|javllamáno	40=ådåj|guov|snju|vuor|moar|bieh|snji|bårg|ragá|gålg|basá|javl
smn-FI	<smn
sms-FI	<smn	35=pâ´sspei´vv|vuõssargg|mââibargg|seärad|neljdpei´vv|piâtnâc|sue´vet	36=pâ|vu|mâ|se|ne|pi|su	37=ođđee´jjmään|tä´lvvmään|pâ´zzlâšttam-mään|njuhččmään|vue´ssmään|ǩie´ssmään|suei´nnmään|på´rǧǧmään|čõhččmään|kålggmään|skamm-mään|rosttovmään	38=ođđee´jjmään|tä´lvvmään|pâ´zzlâšttam-mään|njuhččmään|vue´ssmään|ǩie´ssmään|suei´nnmään|på´rǧǧmään|čõhččmään|kålggmään|skamm-mään|rosttovmään	39=ođđee´jjmannu|tä´lvvmannu|pâ´zzlâšttam-mannu|njuhččmannu|vue´ssmannu|ǩie´ssmannu|suei´nnmannu|på´rǧǧmannu|čõhččmannu|kålggmannu|skamm-mannu|rosttovmannu	40=ođđee´jjmään|tä´lvvmään|pâ´zzlâšttam-mään|njuhččmään|vue´ssmään|ǩie´ssmään|suei´nnmään|på´rǧǧmään|čõhččmään|kålggmään|skamm-mään|rosttovmään
sn-ZW	<sn
so-DJ	<so	7=Fdj
so-ET	<so	7=Br	11=2
so-KE	<so-ET	7=Ksh	25=HH':'mm	26=HH':'mm':'ss	27=dddd, MMMM dd, yyyy HH':'mm':'ss
so-SO	<so
sq-AL	<sq
sq-MK	<sq	7=den	11=2	25=HH':'mm	26=HH':'mm':'ss	27=dddd, d MMMM yyyy HH':'mm':'ss
sq-XK	<sq-MK	7=€
sr-Cyrl	<bs-Cyrl	7=дин.	23=dd.MM.yyyy.	24=d. MMMM yyyy.	27=d. MMMM yyyy. H':'mm':'ss	28=d. MMMM	29=MMMM yyyy.	35=недеља|понедељак|уторак|среда|четвртак|петак|субота	36=нед.|пон.|ут.|ср.|чет.|пет.|суб.	38=јан.|феб.|март|апр.|мај|јун|јул|авг.|септ.|окт.|нов.|дец.	40=јан.|феб.|март|апр.|мај|јун|јул|авг.|септ.|окт.|нов.|дец.
sr-Latn	<sr
st-ZA	<xh	0=,	8=,	15=,	34=CE	35=Sontaha|Mmantaha|Labobedi|Laboraru|Labone|Labohlane|Moqebelo	36=Son|Mma|Bed|Rar|Ne|Hla|Moq	37=Phesekgong|Hlakola|Hlakubele|Mmese|Motsheanong|Phupjane|Phupu|Phata|Leotshe|Mphalane|Pundungwane|Tshitwe	38=Phe|Kol|Ube|Mme|Mot|Jan|Upu|Pha|Leo|Mph|Pun|Tsh	39=Phesekgong|Hlakola|Hlakubele|Mmese|Motsheanong|Phupjane|Phupu|Phata|Leotshe|Mphalane|Pundungwane|Tshitwe	40=Phe|Kol|Ube|Mme|Mot|Jan|Upu|Pha|Leo|Mph|Pun|Tsh
su-Latn	<bgc
sv-AX	<sv	7=€	24=dddd d MMMM yyyy	27=dddd d MMMM yyyy HH':'mm':'ss	28=d MMMM	30=fm	31=em	34=e.Kr.	36=sön|mån|tis|ons|tors|fre|lör	38=jan.|feb.|mars|apr.|maj|juni|juli|aug.|sep.|okt.|nov.|dec.	40=jan.|feb.|mars|apr.|maj|juni|juli|aug.|sep.|okt.|nov.|dec.
sv-FI	<sv-AX	23=dd-MM-yyyy
sv-SE	<sv
sw-CD	<sw	0=,	1=.	7=FC	8=,	9=.	15=,	16=.
sw-KE	<sw
sw-TZ	<sw	7=TSh
sw-UG	<sw	7=USh	11=0
syr-IQ	<syr	7=د.ع.‏
syr-SY	<syr
szl-PL	<bgc	7=zł
ta-IN	<ta
ta-LK	<ta	7=Rs.	13=9	23=d'/'M'/'yyyy	24=dddd, d MMMM, yyyy	27=dddd, d MMMM, yyyy HH':'mm':'ss	30=முற்பகல்	31=பிற்பகல்	32=/	34=கி.பி.	35=ஞாயிறு|திங்கள்|செவ்வாய்|புதன்|வியாழன்|வெள்ளி|சனி	36=ஞாயி.|திங்.|செவ்.|புத.|வியா.|வெள்.|சனி	38=ஜன.|பிப்.|மார்.|ஏப்.|மே|ஜூன்|ஜூலை|ஆக.|செப்.|அக்.|நவ.|டிச.	40=ஜன.|பிப்.|மார்.|ஏப்.|மே|ஜூன்|ஜூலை|ஆக.|செப்.|அக்.|நவ.|டிச.
ta-MY	<ta-LK	2=3	7=RM	10=3	17=3	25=tt h':'mm	26=tt h':'mm':'ss	27=dddd, d MMMM, yyyy tt h':'mm':'ss
ta-SG	<ta-MY	7=$
te-IN	<te
teo-KE	<teo	7=Ksh	11=2
teo-UG	<teo
tg-Cyrl	<tg
tg-TJ	<tg
th-TH	<th
ti-ER	<ti
ti-ET	<ti	7=Br
tk-TM	<tk
tn-ZA	<xh	35=Tshipi|Mosopulogo|Labobedi|Laboraro|Labone|Labotlhano|Matlhatso	36=Tsh|Mos|Labb|Labr|Labn|Labt|Mat	37=Ferikgong|Tlhakole|Mopitlo|Moranang|Motsheganang|Seetebosigo|Phukwi|Phatwe|Lwetse|Diphalane|Ngwanatsele|Sedimonthole	38=Fer|Tlh|Mop|Mor|Mot|See|Phu|Pha|Lwe|Dip|Ngw|Sed	39=Ferikgong|Tlhakole|Mopitlo|Moranang|Motsheganang|Seetebosigo|Phukwi|Phatwe|Lwetse|Diphalane|Ngwanatsele|Sedimonthole	40=Fer|Tlh|Mop|Mor|Mot|See|Phu|Pha|Lwe|Dip|Ngw|Sed
to-TO	<to
tok-001	<bgc
tr-CY	<tr	7=€	25=h':'mm tt	26=h':'mm':'ss tt	27=d MMMM yyyy dddd h':'mm':'ss tt
tr-TR	<tr
ts-ZA	<st-ZA	12=2	13=9	35=Sonta|Musumbhunuku|Ravumbirhi|Ravunharhu|Ravumune|Ravuntlhanu|Mugqivela	36=Son|Mus|Bir|Har|Ne|Tlh|Mug	37=Sunguti|Nyenyenyani|Nyenyankulu|Dzivamisoko|Mudyaxihi|Khotavuxika|Mawuwani|Mhawuri|Ndzhati|Nhlangula|Hukuri|N’wendzamhala	38=Sun|Yan|Kul|Dzi|Mud|Kho|Maw|Mha|Ndz|Nhl|Huk|N’w	39=Sunguti|Nyenyenyani|Nyenyankulu|Dzivamisoko|Mudyaxihi|Khotavuxika|Mawuwani|Mhawuri|Ndzhati|Nhlangula|Hukuri|N’wendzamhala	40=Sun|Yan|Kul|Dzi|Mud|Kho|Maw|Mha|Ndz|Nhl|Huk|N’w
tt-RU	<tt
twq-NE	<twq
tzm-MA	<ff	7=MAD	24=dddd, d MMMM yyyy	27=dddd, d MMMM yyyy HH':'mm':'ss	28=MMMM d	30=Zdat azal	31=Ḍeffir aza	34=ḌƐ	35=Asamas|Aynas|Asinas|Akras|Akwas|Asimwas|Asiḍyas	36=Asa|Ayn|Asn|Akr|Akw|Asm|Asḍ	37=Yennayer|Yebrayer|Mars|Ibrir|Mayyu|Yunyu|Yulyuz|Ɣuct|Cutanbir|Kṭuber|Nwanbir|Dujanbir	38=Yen|Yeb|Mar|Ibr|May|Yun|Yul|Ɣuc|Cut|Kṭu|Nwa|Duj	39=Yennayer|Yebrayer|Mars|Ibrir|Mayyu|Yunyu|Yulyuz|Ɣuct|Cutanbir|Kṭuber|Nwanbir|Dujanbir	40=Yen|Yeb|Mar|Ibr|May|Yun|Yul|Ɣuc|Cut|Kṭu|Nwa|Duj
ug-CN	<ug
uk-UA	<uk
ur-IN	<en-MY	7=₹	10=3;2	14=٪	23=d'/'M'/'yy	29=MMMM yyyy	30=دن	31=رات	34=عیسوی سال	35=اتوار|پیر|منگل|بدھ|جمعرات|جمعہ|ہفتہ	36=اتوار|پیر|منگل|بدھ|جمعرات|جمعہ|ہفتہ	37=جنوری|فروری|مارچ|اپریل|مئی|جون|جولائی|اگست|ستمبر|اکتوبر|نومبر|دسمبر	38=جنوری|فروری|مارچ|اپریل|مئی|جون|جولائی|اگست|ستمبر|اکتوبر|نومبر|دسمبر	39=جنوری|فروری|مارچ|اپریل|مئی|جون|جولائی|اگست|ستمبر|اکتوبر|نومبر|دسمبر	40=جنوری|فروری|مارچ|اپریل|مئی|جون|جولائی|اگست|ستمبر|اکتوبر|نومبر|دسمبر
ur-PK	<ur
uz-Arab	<ps	23=dd'/'MM yyyy	24=dddd d MMMM yyyy	27=dddd d MMMM yyyy H':'mm':'ss	28=d-MMMM	30=AM	31=PM	34=كوچيشدن سونگ	35=یکشنبه|دوشنبه|سه‌شنبه|چهارشنبه|پنجشنبه|جمعه|شنبه	36=ی.|د.|س.|چ.|پ.|ج.|ش.	37=حمل|ثور|جوزا|سرطان|اسد|سنبله|میزان|عقرب|قوس|جدی|دلو|حوت	38=حمل|ثور|جوزا|سرطان|اسد|سنبله|میزان|عقرب|قوس|جدی|دلو|حوت	39=حمل|ثور|جوزا|سرطان|اسد|سنبله|میزان|عقرب|قوس|جدی|دلو|حوت	40=حمل|ثور|جوزا|سرطان|اسد|سنبله|میزان|عقرب|قوس|جدی|دلو|حوت	41=yyyy 'نچی' 'ییل' d 'نچی' MMMM dddd 'کونی' H':'mm':'ss	42=جنوری|فبروری|مارچ|اپریل|می|جون|جولای|اگست|سپتمبر|اکتوبر|نومبر|دسمبر	43=
uz-Cyrl	<ka	7=сўм	23=dd'/'MM'/'yyyy	30=ТО	31=ТК	32=/	34=милодий	35=якшанба|душанба|сешанба|чоршанба|пайшанба|жума|шанба	36=якш|душ|сеш|чор|пай|жум|шан	37=январ|феврал|март|апрел|май|июн|июл|август|сентябр|октябр|ноябр|декабр	38=янв|фев|мар|апр|май|июн|июл|авг|сен|окт|ноя|дек	39=январ|феврал|март|апрел|май|июн|июл|август|сентябр|октябр|ноябр|декабр	40=янв|фев|мар|апр|май|июн|июл|авг|сен|окт|ноя|дек
uz-Latn	<uz
vai-Latn	<haw	23=dd'/'MM'/'yyyy	35=lahadi|tɛɛnɛɛ|talata|alaba|aimisa|aijima|siɓiti	36=lahadi|tɛɛnɛɛ|talata|alaba|aimisa|aijima|siɓiti	37=luukao kemã|ɓandaɓu|vɔɔ|fulu|goo|6|7|kɔnde|saah|galo|kenpkato ɓololɔ|luukao lɔma	38=luukao kemã|ɓandaɓu|vɔɔ|fulu|goo|6|7|kɔnde|saah|galo|kenpkato ɓololɔ|luukao lɔma	39=luukao kemã|ɓandaɓu|vɔɔ|fulu|goo|6|7|kɔnde|saah|galo|kenpkato ɓololɔ|luukao lɔma	40=luukao kemã|ɓandaɓu|vɔɔ|fulu|goo|6|7|kɔnde|saah|galo|kenpkato ɓololɔ|luukao lɔma
vai-Vaii	<vai
vec-IT	<ie-EE
vi-VN	<vi
vmw-MZ	<bgc	7=MT
vun-TZ	<jmc
wae-CH	<wae
wo-SN	<wo
x-IV	<bgc
xh-ZA	<xh
xnr-IN	<bgc-IN
xog-UG	<xog
yav-CM	<yav
yi-001	<yi
yi-UA	<yi	7=₴
yo-BJ	<yo	7=CFA	11=0	30=Àárɔ̀	31=Ɔ̀sán	35=Ɔjɔ́ Àìkú|Ɔjɔ́ Ajé|Ɔjɔ́ Ìsɛ́gun|Ɔjɔ́rú|Ɔjɔ́bɔ|Ɔjɔ́ Ɛtì|Ɔjɔ́ Àbámɛ́ta	36=Àìk|Aj|Ìsɛ́g|Ɔjɔ́r|Ɔjɔ́b|Ɛt|Àbám	37=Shɛ́rɛ́|Èrèlè|Ɛrɛ̀nà|Ìgbé|Ɛ̀bibi|Òkúdu|Agɛmɔ|Ògún|Owewe|Ɔ̀wàrà|Bélú|Ɔ̀pɛ̀	38=Shɛ́|Èr|Ɛr|Ìg|Ɛ̀b|Òk|Ag|Òg|Ow|Ɔ̀w|Bé|Ɔ̀p	39=Oshù Shɛ́rɛ́|Oshù Èrèlè|Oshù Ɛrɛ̀nà|Oshù Ìgbé|Oshù Ɛ̀bibi|Oshù Òkúdu|Oshù Agɛmɔ|Oshù Ògún|Oshù Owewe|Oshù Ɔ̀wàrà|Oshù Bélú|Oshù Ɔ̀pɛ̀	40=Shɛ́|Èr|Ɛr|Ìg|Ɛ̀b|Òk|Ag|Òg|Ow|Ɔ̀w|Bé|Ɔ̀p
yo-NG	<yo
yrl-BR	<kgp-BR
yrl-CO	<csw-CA
yrl-VE	<bgc	7=Bs.F.
yue-Hans	<bgc
yue-Hant	<bgc
za-CN	<qq-JP
zgh-MA	<zgh
zh-CHS	<zh
zh-CHT	<zh	7=HK$	13=0	23=d'/'M'/'yyyy	24=yyyy'年'M'月'd'日'	27=yyyy'年'M'月'd'日' H':'mm':'ss	28=M'月'd'日'	29=yyyy'年'M'月'	36=週日|週一|週二|週三|週四|週五|週六	38=一月|二月|三月|四月|五月|六月|七月|八月|九月|十月|十一月|十二月	40=一月|二月|三月|四月|五月|六月|七月|八月|九月|十月|十一月|十二月
zh-CN	<zh
zh-Hans	<zh
zh-Hant	<zh-CHT
zh-HK	<zh-CHT
zh-MO	<zh-CHT	7=MOP	13=1
zh-SG	<zh-MO	7=$	25=tt h':'mm	26=tt h':'mm':'ss	27=yyyy'年'M'月'd'日' tt h':'mm':'ss	36=周日|周一|周二|周三|周四|周五|周六
zh-TW	<zh-MO	7=NT$	23=yyyy'/'M'/'d	25=tt hh':'mm	26=tt hh':'mm':'ss	27=yyyy'年'M'月'd'日' tt hh':'mm':'ss	34=西元
zu-ZA	<zu
az-Cyrl-AZ	<az-Cyrl
az-Latn-AZ	<az
bs-Cyrl-BA	<bs-Cyrl
bs-Latn-BA	<bs
ca-ES-valencia	<ca
chr-Cher-US	<chr
en-Latn-US	<en
en-US-POSIX	<en
ff-Adlm-BF	<ff
ff-Adlm-CM	<ewo	28=d MMMM	29=MMMM yyyy	30=subaka	31=kikiiɗe	34=C-I	35=dewo|aaɓnde|mawbaare|njeslaare|naasaande|mawnde|hoore-biir	36=dew|aaɓ|maw|nje|naa|mwd|hbi	37=siilo|colte|mbooy|seeɗto|duujal|korse|morso|juko|siilto|yarkomaa|jolal|bowte	38=sii|col|mbo|see|duu|kor|mor|juk|slt|yar|jol|bow	39=siilo|colte|mbooy|seeɗto|duujal|korse|morso|juko|siilto|yarkomaa|jolal|bowte	40=sii|col|mbo|see|duu|kor|mor|juk|slt|yar|jol|bow
ff-Adlm-GH	<ff	7=GH₵
ff-Adlm-GM	<ff	7=D
ff-Adlm-GN	<ff-Adlm-CM	7=FG
ff-Adlm-GW	<ff
ff-Adlm-LR	<ff	7=$
ff-Adlm-MR	<ff-Adlm-CM	7=UM	11=2	25=h':'mm tt	26=h':'mm':'ss tt	27=dddd d MMMM yyyy h':'mm':'ss tt
ff-Adlm-NE	<ff
ff-Adlm-NG	<ff-Adlm-CM	7=₦	11=2
ff-Adlm-SL	<ff	7=Le
ff-Adlm-SN	<ff
ff-Latn-BF	<ff-Adlm-CM	7=CFA
ff-Latn-CM	<ff-Adlm-CM
ff-Latn-GH	<ff-Adlm-MR	7=GH₵
ff-Latn-GM	<ff-Adlm-MR	7=D
ff-Latn-GN	<ff-Adlm-GN
ff-Latn-GW	<ff-Latn-BF
ff-Latn-LR	<ff-Adlm-MR	7=$
ff-Latn-MR	<ff-Adlm-MR
ff-Latn-NE	<ff-Latn-BF
ff-Latn-NG	<ff-Adlm-NG
ff-Latn-SL	<ff-Adlm-MR	7=Le	11=0
ff-Latn-SN	<ff
fr-Latn-FR	<fr
ha-Latn-NG	<ha
hi-Latn-IN	<hi
iu-Cans-CA	<en-AU	23=d'/'M'/'yyyy	24=dddd,MMMM dd,yyyy	27=dddd,MMMM dd,yyyy h':'mm':'ss tt	29=MMMM,yyyy	35=ᓈᑦᑏᖑᔭ|ᓇᒡᒐᔾᔭᐅ|ᐊᐃᑉᐱᖅ|ᐱᖓᑦᓯᖅ|ᓯᑕᒻᒥᖅ|ᑕᓪᓕᕐᒥᖅ|ᓯᕙᑖᕐᕕᒃ	36=ᓈᑦᑏ|ᓇᒡᒐ|ᐊᐃᑉᐱ|ᐱᖓᑦᓯ|ᓯᑕ|ᑕᓪᓕ|ᓯᕙᑖᕐᕕᒃ	37=ᔮᓐᓄᐊᕆ|ᕖᕝᕗᐊᕆ|ᒫᑦᓯ|ᐄᐳᕆ|ᒪᐃ|ᔫᓂ|ᔪᓚᐃ|ᐋᒡᒌᓯ|ᓯᑎᐱᕆ|ᐅᑐᐱᕆ|ᓄᕕᐱᕆ|ᑎᓯᐱᕆ	38=ᔮᓐᓄ|ᕖᕝᕗ|ᒫᑦᓯ|ᐄᐳᕆ|ᒪᐃ|ᔫᓂ|ᔪᓚᐃ|ᐋᒡᒌ|ᓯᑎᐱ|ᐅᑐᐱ|ᓄᕕᐱ|ᑎᓯᐱ	39=ᔮᓐᓄᐊᕆ|ᕖᕝᕗᐊᕆ|ᒫᑦᓯ|ᐄᐳᕆ|ᒪᐃ|ᔫᓂ|ᔪᓚᐃ|ᐋᒡᒌᓯ|ᓯᑎᐱᕆ|ᐅᑐᐱᕆ|ᓄᕕᐱᕆ|ᑎᓯᐱᕆ	40=ᔮᓐᓄ|ᕖᕝᕗ|ᒫᑦᓯ|ᐄᐳᕆ|ᒪᐃ|ᔫᓂ|ᔪᓚᐃ|ᐋᒡᒌ|ᓯᑎᐱ|ᐅᑐᐱ|ᓄᕕᐱ|ᑎᓯᐱ
iu-Latn-CA	<iu
ks-Arab-IN	<ks
ks-Deva-IN	<ks-Deva
ku-Arab-IQ	<ckb
kxv-Deva-IN	<bgc-IN
kxv-Latn-IN	<bgc-IN
kxv-Orya-IN	<bgc-IN
kxv-Telu-IN	<bgc-IN
mn-Mong-CN	<zh	2=3;0	10=3;0	17=3;0	24=yyyy'ᠣᠨ' MMMM d'ᠡᠳᠦᠷ'᠂ dddd	27=yyyy'ᠣᠨ' MMMM d'ᠡᠳᠦᠷ'᠂ dddd H':'mm':'ss	28=MMMM d'ᠡᠳᠦᠷ'	29=yyyy'ᠣᠨ' MMMM	30=	31=	34=ᠣᠨ ᠲᠣᠭᠠᠯᠠᠯ ᠤᠨ	35=ᠭᠠᠷᠠᠭ ᠤᠨ ᠡᠳᠦᠷ|ᠭᠠᠷᠠᠭ ᠤᠨ ᠨᠢᠭᠡᠨ|ᠭᠠᠷᠠᠭ ᠤᠨ ᠬᠣᠶᠠᠷ|ᠭᠠᠷᠠᠭ ᠤᠨ ᠭᠤᠷᠪᠠᠨ|ᠭᠠᠷᠠᠭ ᠤᠨ ᠳᠥᠷᠪᠡᠨ|ᠭᠠᠷᠠᠭ ᠤᠨ ᠲᠠᠪᠤᠨ|ᠭᠠᠷᠠᠭ ᠤᠨ ᠵᠢᠷᠭᠤᠭᠠᠨ	36=ᠭᠠᠷᠠᠭ ᠤᠨ ᠡᠳᠦᠷ|ᠭᠠᠷᠠᠭ ᠤᠨ ᠨᠢᠭᠡᠨ|ᠭᠠᠷᠠᠭ ᠤᠨ ᠬᠣᠶᠠᠷ|ᠭᠠᠷᠠᠭ ᠤᠨ ᠭᠤᠷᠪᠠᠨ|ᠭᠠᠷᠠᠭ ᠤᠨ ᠳᠥᠷᠪᠡᠨ|ᠭᠠᠷᠠᠭ ᠤᠨ ᠲᠠᠪᠤᠨ|ᠭᠠᠷᠠᠭ ᠤᠨ ᠵᠢᠷᠭᠤᠭᠠᠨ	37=ᠨᠢᠭᠡᠳᠦᠭᠡᠷ ᠰᠠᠷ᠎ᠠ|ᠬᠤᠶ᠋ᠠᠳᠤᠭᠠᠷ ᠰᠠᠷ᠎ᠠ|ᠭᠤᠷᠪᠠᠳᠤᠭᠠᠷ ᠰᠠᠷ᠎ᠠ|ᠲᠦᠷᠪᠡᠳᠦᠭᠡᠷ ᠰᠠᠷ᠎ᠠ|ᠲᠠᠪᠤᠳᠤᠭᠠᠷ ᠰᠠᠷ᠎ᠠ|ᠵᠢᠷᠭᠤᠳᠤᠭᠠᠷ ᠰᠠᠷ᠎ᠠ|ᠲᠤᠯᠤᠳᠤᠭᠠᠷ ᠰᠠᠷ᠎ᠠ|ᠨᠠᠢᠮᠠᠳᠤᠭᠠᠷ ᠰᠠᠷ᠎ᠠ|ᠶᠢᠰᠦᠳᠦᠭᠡᠷ ᠰᠠᠷ᠎ᠠ|ᠠᠷᠪᠠᠳᠤᠭᠠᠷ ᠰᠠᠷ᠎ᠠ|ᠠᠷᠪᠠᠨ ᠨᠢᠭᠡᠳᠦᠭᠡᠷ ᠰᠠᠷ᠎ᠠ|ᠠᠷᠪᠠᠨ ᠬᠤᠶ᠋ᠠᠳᠤᠭᠠᠷ ᠰᠠᠷ᠎ᠠ	38=ᠨᠢᠭᠡᠳᠦᠭᠡᠷ ᠰᠠᠷ᠎ᠠ|ᠬᠤᠶ᠋ᠠᠳᠤᠭᠠᠷ ᠰᠠᠷ᠎ᠠ|ᠭᠤᠷᠪᠠᠳᠤᠭᠠᠷ ᠰᠠᠷ᠎ᠠ|ᠲᠦᠷᠪᠡᠳᠦᠭᠡᠷ ᠰᠠᠷ᠎ᠠ|ᠲᠠᠪᠤᠳᠤᠭᠠᠷ ᠰᠠᠷ᠎ᠠ|ᠵᠢᠷᠭᠤᠳᠤᠭᠠᠷ ᠰᠠᠷ᠎ᠠ|ᠲᠤᠯᠤᠳᠤᠭᠠᠷ ᠰᠠᠷ᠎ᠠ|ᠨᠠᠢᠮᠠᠳᠤᠭᠠᠷ ᠰᠠᠷ᠎ᠠ|ᠶᠢᠰᠦᠳᠦᠭᠡᠷ ᠰᠠᠷ᠎ᠠ|ᠠᠷᠪᠠᠳᠤᠭᠠᠷ ᠰᠠᠷ᠎ᠠ|ᠠᠷᠪᠠᠨ ᠨᠢᠭᠡᠳᠦᠭᠡᠷ ᠰᠠᠷ᠎ᠠ|ᠠᠷᠪᠠᠨ ᠬᠤᠶ᠋ᠠᠳᠤᠭᠠᠷ ᠰᠠᠷ᠎ᠠ	39=ᠨᠢᠭᠡᠳᠦᠭᠡᠷ ᠰᠠᠷ᠎ᠠ|ᠬᠤᠶ᠋ᠠᠳᠤᠭᠠᠷ ᠰᠠᠷ᠎ᠠ|ᠭᠤᠷᠪᠠᠳᠤᠭᠠᠷ ᠰᠠᠷ᠎ᠠ|ᠲᠦᠷᠪᠡᠳᠦᠭᠡᠷ ᠰᠠᠷ᠎ᠠ|ᠲᠠᠪᠤᠳᠤᠭᠠᠷ ᠰᠠᠷ᠎ᠠ|ᠵᠢᠷᠭᠤᠳᠤᠭᠠᠷ ᠰᠠᠷ᠎ᠠ|ᠲᠤᠯᠤᠳᠤᠭᠠᠷ ᠰᠠᠷ᠎ᠠ|ᠨᠠᠢᠮᠠᠳᠤᠭᠠᠷ ᠰᠠᠷ᠎ᠠ|ᠶᠢᠰᠦᠳᠦᠭᠡᠷ ᠰᠠᠷ᠎ᠠ|ᠠᠷᠪᠠᠳᠤᠭᠠᠷ ᠰᠠᠷ᠎ᠠ|ᠠᠷᠪᠠᠨ ᠨᠢᠭᠡᠳᠦᠭᠡᠷ ᠰᠠᠷ᠎ᠠ|ᠠᠷᠪᠠᠨ ᠬᠤᠶ᠋ᠠᠳᠤᠭᠠᠷ ᠰᠠᠷ᠎ᠠ	40=ᠨᠢᠭᠡᠳᠦᠭᠡᠷ ᠰᠠᠷ᠎ᠠ|ᠬᠤᠶ᠋ᠠᠳᠤᠭᠠᠷ ᠰᠠᠷ᠎ᠠ|ᠭᠤᠷᠪᠠᠳᠤᠭᠠᠷ ᠰᠠᠷ᠎ᠠ|ᠲᠦᠷᠪᠡᠳᠦᠭᠡᠷ ᠰᠠᠷ᠎ᠠ|ᠲᠠᠪᠤᠳᠤᠭᠠᠷ ᠰᠠᠷ᠎ᠠ|ᠵᠢᠷᠭᠤᠳᠤᠭᠠᠷ ᠰᠠᠷ᠎ᠠ|ᠲᠤᠯᠤᠳᠤᠭᠠᠷ ᠰᠠᠷ᠎ᠠ|ᠨᠠᠢᠮᠠᠳᠤᠭᠠᠷ ᠰᠠᠷ᠎ᠠ|ᠶᠢᠰᠦᠳᠦᠭᠡᠷ ᠰᠠᠷ᠎ᠠ|ᠠᠷᠪᠠᠳᠤᠭᠠᠷ ᠰᠠᠷ᠎ᠠ|ᠠᠷᠪᠠᠨ ᠨᠢᠭᠡᠳᠦᠭᠡᠷ ᠰᠠᠷ᠎ᠠ|ᠠᠷᠪᠠᠨ ᠬᠤᠶ᠋ᠠᠳᠤᠭᠠᠷ ᠰᠠᠷ᠎ᠠ
mn-Mong-MN	<mn-Mong-CN	7=₮	34=ᠮᠠᠨᠠᠶ ᠡᠷᠢᠨᠢ	35=ᠨᠢᠮ᠎ᠠ|ᠳᠠᠸᠠ|ᠮᠢᠭᠮᠠᠷ|ᡀᠠᠭᠪᠠ|ᠫᠦᠷᠪᠦ|ᠪᠠᠰᠠᠩ|ᠪᠢᠮᠪᠠ	36=ᠨᠢᠮ᠎ᠠ|ᠳᠠᠸᠠ|ᠮᠢᠭᠮᠠᠷ|ᡀᠠᠭᠪᠠ|ᠫᠦᠷᠪᠦ|ᠪᠠᠰᠠᠩ|ᠪᠢᠮᠪᠠ
mni-Beng-IN	<mni
pa-Arab-PK	<pa-Arab
pa-Guru-IN	<pa
qq-Latn-FR	<ie-EE
quc-Latn-GT	<qut-GT
sat-Olck-IN	<bgc-IN
sd-Arab-PK	<sd
sd-Deva-IN	<sd-Deva
shi-Latn-MA	<shi-Latn
shi-Tfng-MA	<shi
sr-Cyrl-BA	<bs-Cyrl	23=d.M.yyyy.	28=d. MMMM	36=нед|пон|уто|сри|чет|пет|суб	37=јануар|фебруар|март|април|мај|јуни|јули|август|септембар|октобар|новембар|децембар	39=јануар|фебруар|март|април|мај|јуни|јули|август|септембар|октобар|новембар|децембар
sr-Cyrl-CS	<sr-Cyrl	23=d.M.yyyy.
sr-Cyrl-ME	<sr-Cyrl-CS	7=€	35=недеља|понедјељак|уторак|сриједа|четвртак|петак|субота	36=нед|пон|уто|сри|чет|пет|суб	38=јан|феб|мар|апр|мај|јун|јул|авг|сеп|окт|нов|дец	40=јан|феб|мар|апр|мај|јун|јул|авг|сеп|окт|нов|дец
sr-Cyrl-RS	<sr-Cyrl
sr-Cyrl-XK	<sr	7=€	11=2	30=пре подне	31=по подне	34=н. е.	35=недеља|понедељак|уторак|среда|четвртак|петак|субота	36=нед|пон|уто|сре|чет|пет|суб	37=јануар|фебруар|март|април|мај|јун|јул|август|септембар|октобар|новембар|децембар	38=јан|феб|март|апр|мај|јун|јул|авг|септ|окт|нов|дец	39=јануар|фебруар|март|април|мај|јун|јул|август|септембар|октобар|новембар|децембар	40=јан|феб|март|апр|мај|јун|јул|авг|септ|окт|нов|дец
sr-Latn-BA	<sr	7=KM	11=2	30=prije podne	35=nedjelja|ponedeljak|utorak|srijeda|četvrtak|petak|subota	36=ned|pon|ut|sr|čet|pet|sub	38=jan|feb|mart|apr|maj|jun|jul|avg|sept|okt|nov|dec	40=jan|feb|mart|apr|maj|jun|jul|avg|sept|okt|nov|dec
sr-Latn-CS	<sr-Cyrl-CS	7=din.	34=n.e.	35=nedelja|ponedeljak|utorak|sreda|četvrtak|petak|subota	36=ned.|pon.|uto.|sre.|čet.|pet.|sub.	37=januar|februar|mart|april|maj|jun|jul|avgust|septembar|oktobar|novembar|decembar	38=jan.|feb.|mart|apr.|maj|jun|jul|avg.|sept.|okt.|nov.|dec.	39=januar|februar|mart|april|maj|jun|jul|avgust|septembar|oktobar|novembar|decembar	40=jan.|feb.|mart|apr.|maj|jun|jul|avg.|sept.|okt.|nov.|dec.
sr-Latn-ME	<sr-Latn-BA	7=€	36=ned.|pon.|ut.|sr.|čet.|pet.|sub.	38=jan.|feb.|mart|apr.|maj|jun|jul|avg.|sept.|okt.|nov.|dec.	40=jan.|feb.|mart|apr.|maj|jun|jul|avg.|sept.|okt.|nov.|dec.
sr-Latn-RS	<sr
sr-Latn-XK	<sr-Latn-ME	30=pre podne	35=nedelja|ponedeljak|utorak|sreda|četvrtak|petak|subota
su-Latn-ID	<bgc	7=Rp
tg-Cyrl-TJ	<tg
tzm-Arab-MA	<ar-IL	0=,	1= 	7=MAD	8=,	9= 	12=3	13=8	15=,	16= 	24=dddd، d MMMM، yyyy	26=HH':'mm':'ss	27=dddd، d MMMM، yyyy HH':'mm':'ss
tzm-Latn-DZ	<tzm
tzm-Tfng-MA	<tzm	7=ⴷⵔ	24=dddd, dd MMMM, yyyy	27=dddd, dd MMMM, yyyy H':'mm':'ss	28=dd MMMM	34=ⴷⴰⵜ ⵙⵉⴷⵏⴰ ⵄⵉⵙⴰ	35=ⴰⵙⴰⵎⴰⵙ|ⴰⵢⵏⴰⵙ|ⴰⵙⵉⵏⴰⵙ|ⴰⴽⵕⴰⵙ|ⴰⴽⵡⴰⵙ|ⴰⵙⵉⵎⵡⴰⵙ|ⴰⵙⵉⴹⵢⴰⵙ	36=ⵙⵎⵙ|ⵢⵏⵙ|ⵙⵏⵙ|ⴽⵕⵙ|ⴽⵡⵙ|ⵙⵎⵡ|ⵙⴹⵙ	37=ⵉⵏⵏⴰⵢⵔ|ⴱⵕⴰⵢⵕ|ⵎⴰⵕⵚ|ⵉⴱⵔⵉⵔ|ⵎⴰⵢⵢⵓ|ⵢⵓⵏⵢⵓ|ⵢⵓⵍⵢⵓⵣ|ⵖⵓⵛⵜ|ⵛⵓⵜⴰⵏⴱⵉⵔ|ⴽⵜⵓⴱⵕ|ⵏⵓⵡⴰⵏⴱⵉⵔ|ⴷⵓⵊⴰⵏⴱⵉⵔ	38=ⵏⵢⵔ|ⴱⵕⵢ|ⵎⵕⵚ|ⴱⵔⵔ|ⵎⵢⵢ|ⵢⵏⵢ|ⵢⵍⵢ|ⵖⵛⵜ|ⵛⵜⵏ|ⴽⵜⴱ|ⵏⵡⴱ|ⴷⵊⵏ	39=ⵉⵏⵏⴰⵢⵔ|ⴱⵕⴰⵢⵕ|ⵎⴰⵕⵚ|ⵉⴱⵔⵉⵔ|ⵎⴰⵢⵢⵓ|ⵢⵓⵏⵢⵓ|ⵢⵓⵍⵢⵓⵣ|ⵖⵓⵛⵜ|ⵛⵓⵜⴰⵏⴱⵉⵔ|ⴽⵜⵓⴱⵕ|ⵏⵓⵡⴰⵏⴱⵉⵔ|ⴷⵓⵊⴰⵏⴱⵉⵔ	40=ⵏⵢⵔ|ⴱⵕⵢ|ⵎⵕⵚ|ⴱⵔⵔ|ⵎⵢⵢ|ⵢⵏⵢ|ⵢⵍⵢ|ⵖⵛⵜ|ⵛⵜⵏ|ⴽⵜⴱ|ⵏⵡⴱ|ⴷⵊⵏ
uz-Arab-AF	<uz-Arab
uz-Cyrl-UZ	<uz-Cyrl
uz-Latn-UZ	<uz
vai-Latn-LR	<vai-Latn
vai-Vaii-LR	<vai
yue-Hans-CN	<qq-JP
yue-Hant-HK	<csw-CA
zh-Hans-CN	<zh
zh-Hans-HK	<zh	7=$	13=1	23=d'/'M'/'yyyy	24=yyyy'年'MMMd'日'dddd	25=tth':'mm	26=tth':'mm':'ss	27=yyyy'年'MMMd'日'dddd tth':'mm':'ss
zh-Hans-MO	<zh-Hans-HK	7=MOP$
zh-Hans-SG	<zh-SG
zh-Hant-HK	<zh-CHT
zh-Hant-MO	<zh-MO
zh-Hant-TW	<zh-TW
